INSERT INTO hospitals (id, name, district_id, beds_total, icu_beds, lat, lon, geom) VALUES ('6f5fd190-2993-418e-a4dc-c2896d05ce9e', 'Hooghly General Hospital 1', '5163c916-1a20-4822-aab0-890e39dd843d', 114, 16, 22.812328090675205, 88.4599284161873, ST_SetSRID(ST_Point(88.4599284161873, 22.812328090675205), 4326)::geography);
INSERT INTO hospitals (id, name, district_id, beds_total, icu_beds, lat, lon, geom) VALUES ('3bc43772-9a3c-4027-990d-ed258e553d4b', 'Hooghly General Hospital 2', '5163c916-1a20-4822-aab0-890e39dd843d', 71, 15, 22.944009469345747, 88.33772217322328, ST_SetSRID(ST_Point(88.33772217322328, 22.944009469345747), 4326)::geography);
INSERT INTO hospitals (id, name, district_id, beds_total, icu_beds, lat, lon, geom) VALUES ('9e1c8d23-9743-46e0-bfae-87da523358e0', 'Hooghly General Hospital 3', '5163c916-1a20-4822-aab0-890e39dd843d', 66, 20, 22.89057364340859, 88.38451584235005, ST_SetSRID(ST_Point(88.38451584235005, 22.89057364340859), 4326)::geography);
INSERT INTO hospitals (id, name, district_id, beds_total, icu_beds, lat, lon, geom) VALUES ('3725ce64-1cca-4820-8944-8d3156ad15ae', 'Hooghly General Hospital 4', '5163c916-1a20-4822-aab0-890e39dd843d', 170, 7, 22.856704877372746, 88.41978322024646, ST_SetSRID(ST_Point(88.41978322024646, 22.856704877372746), 4326)::geography);
INSERT INTO hospitals (id, name, district_id, beds_total, icu_beds, lat, lon, geom) VALUES ('46e32b61-ab32-4188-b34d-3317142197d0', 'Hooghly General Hospital 5', '5163c916-1a20-4822-aab0-890e39dd843d', 136, 6, 22.862437929218927, 88.34773708302309, ST_SetSRID(ST_Point(88.34773708302309, 22.862437929218927), 4326)::geography);
INSERT INTO hospitals (id, name, district_id, beds_total, icu_beds, lat, lon, geom) VALUES ('79a65316-978b-43a3-b16f-8b80b2c661be', 'Bardhaman General Hospital 1', '0574e98c-8a1e-4442-b365-62b1e7f3dda3', 142, 17, 23.206138273363987, 87.80665817023129, ST_SetSRID(ST_Point(87.80665817023129, 23.206138273363987), 4326)::geography);
INSERT INTO hospitals (id, name, district_id, beds_total, icu_beds, lat, lon, geom) VALUES ('b80f5a96-8b9b-4695-8e3a-faaeac8cb432', 'Bardhaman General Hospital 2', '0574e98c-8a1e-4442-b365-62b1e7f3dda3', 194, 17, 23.2330426473278, 87.98626058924181, ST_SetSRID(ST_Point(87.98626058924181, 23.2330426473278), 4326)::geography);
INSERT INTO hospitals (id, name, district_id, beds_total, icu_beds, lat, lon, geom) VALUES ('81b1803a-d578-4e9c-b28a-f17597c968c0', 'Bardhaman General Hospital 3', '0574e98c-8a1e-4442-b365-62b1e7f3dda3', 60, 17, 23.10880328065639, 87.99892894376127, ST_SetSRID(ST_Point(87.99892894376127, 23.10880328065639), 4326)::geography);
INSERT INTO hospitals (id, name, district_id, beds_total, icu_beds, lat, lon, geom) VALUES ('40179430-ec02-4bc4-9934-2d82da184e64', 'Bardhaman General Hospital 4', '0574e98c-8a1e-4442-b365-62b1e7f3dda3', 124, 20, 23.264902405576162, 87.95342611361082, ST_SetSRID(ST_Point(87.95342611361082, 23.264902405576162), 4326)::geography);
INSERT INTO hospitals (id, name, district_id, beds_total, icu_beds, lat, lon, geom) VALUES ('69888a6a-6860-4007-9ea5-5bf0620411c9', 'Bardhaman General Hospital 5', '0574e98c-8a1e-4442-b365-62b1e7f3dda3', 130, 7, 23.188731667080948, 87.94754773588068, ST_SetSRID(ST_Point(87.94754773588068, 23.188731667080948), 4326)::geography);
INSERT INTO ambulances (id, vehicle_number, type, provider, district_id, base_hospital_id, status, lat, lon, geom) VALUES ('91981937-b604-482b-b1aa-6371f3d11318', 'WB-94-9685', 'ALS', 'Private', '5163c916-1a20-4822-aab0-890e39dd843d', '9e1c8d23-9743-46e0-bfae-87da523358e0', 'active', 22.944248219830257, 88.43802378081001, ST_SetSRID(ST_Point(88.43802378081001, 22.944248219830257), 4326)::geography);
INSERT INTO ambulances (id, vehicle_number, type, provider, district_id, base_hospital_id, status, lat, lon, geom) VALUES ('6fc711ee-5917-4f92-ab4f-75ea67577ee6', 'WB-75-7214', 'PTV', 'NHM', '5163c916-1a20-4822-aab0-890e39dd843d', '3725ce64-1cca-4820-8944-8d3156ad15ae', 'active', 22.99693687280604, 88.46272267714751, ST_SetSRID(ST_Point(88.46272267714751, 22.99693687280604), 4326)::geography);
INSERT INTO ambulances (id, vehicle_number, type, provider, district_id, base_hospital_id, status, lat, lon, geom) VALUES ('3c876002-54b9-45c2-8e6a-0024730cb015', 'WB-44-8728', 'BLS', 'NHM', '5163c916-1a20-4822-aab0-890e39dd843d', '3bc43772-9a3c-4027-990d-ed258e553d4b', 'active', 22.943343843465783, 88.45272356922462, ST_SetSRID(ST_Point(88.45272356922462, 22.943343843465783), 4326)::geography);
INSERT INTO ambulances (id, vehicle_number, type, provider, district_id, base_hospital_id, status, lat, lon, geom) VALUES ('d67c5c12-ecfe-4081-96a7-362cc1f76b03', 'WB-76-5299', 'ALS', 'NHM', '5163c916-1a20-4822-aab0-890e39dd843d', '46e32b61-ab32-4188-b34d-3317142197d0', 'active', 22.96250019813929, 88.37898411520689, ST_SetSRID(ST_Point(88.37898411520689, 22.96250019813929), 4326)::geography);
INSERT INTO ambulances (id, vehicle_number, type, provider, district_id, base_hospital_id, status, lat, lon, geom) VALUES ('a82d1d1f-d412-4a7b-8252-0c4a0022ad2b', 'WB-89-8796', 'PTV', 'Private', '5163c916-1a20-4822-aab0-890e39dd843d', '3bc43772-9a3c-4027-990d-ed258e553d4b', 'active', 22.964082628171685, 88.32213655702344, ST_SetSRID(ST_Point(88.32213655702344, 22.964082628171685), 4326)::geography);
INSERT INTO ambulances (id, vehicle_number, type, provider, district_id, base_hospital_id, status, lat, lon, geom) VALUES ('4c73fd74-1ff2-499d-8690-801f53583133', 'WB-93-8145', 'BLS', 'NHM', '5163c916-1a20-4822-aab0-890e39dd843d', '6f5fd190-2993-418e-a4dc-c2896d05ce9e', 'active', 22.833321902697378, 88.30670826833345, ST_SetSRID(ST_Point(88.30670826833345, 22.833321902697378), 4326)::geography);
INSERT INTO ambulances (id, vehicle_number, type, provider, district_id, base_hospital_id, status, lat, lon, geom) VALUES ('12d2146c-53da-4d53-a263-0f489cf7b0f8', 'WB-87-6121', 'BLS', 'Private', '5163c916-1a20-4822-aab0-890e39dd843d', '9e1c8d23-9743-46e0-bfae-87da523358e0', 'active', 22.958521441996425, 88.3356280840988, ST_SetSRID(ST_Point(88.3356280840988, 22.958521441996425), 4326)::geography);
INSERT INTO ambulances (id, vehicle_number, type, provider, district_id, base_hospital_id, status, lat, lon, geom) VALUES ('368db0f8-6965-4ae9-bd44-a17d2d4c0ce3', 'WB-25-2193', 'PTV', 'NHM', '5163c916-1a20-4822-aab0-890e39dd843d', '6f5fd190-2993-418e-a4dc-c2896d05ce9e', 'active', 22.958670255020678, 88.36104162786691, ST_SetSRID(ST_Point(88.36104162786691, 22.958670255020678), 4326)::geography);
INSERT INTO ambulances (id, vehicle_number, type, provider, district_id, base_hospital_id, status, lat, lon, geom) VALUES ('0f539862-3319-47cc-85ff-d10fb97634b5', 'WB-68-4200', 'PTV', 'NHM', '5163c916-1a20-4822-aab0-890e39dd843d', '9e1c8d23-9743-46e0-bfae-87da523358e0', 'active', 22.840747464173443, 88.46699377994908, ST_SetSRID(ST_Point(88.46699377994908, 22.840747464173443), 4326)::geography);
INSERT INTO ambulances (id, vehicle_number, type, provider, district_id, base_hospital_id, status, lat, lon, geom) VALUES ('2fb5d5dc-473e-4be4-894c-421e22421538', 'WB-92-9914', 'ALS', 'NHM', '5163c916-1a20-4822-aab0-890e39dd843d', '6f5fd190-2993-418e-a4dc-c2896d05ce9e', 'active', 22.99355268373023, 88.48681328782716, ST_SetSRID(ST_Point(88.48681328782716, 22.99355268373023), 4326)::geography);
INSERT INTO ambulances (id, vehicle_number, type, provider, district_id, base_hospital_id, status, lat, lon, geom) VALUES ('a41dc3ca-cecd-464f-8a8d-edc3d061f341', 'WB-55-9899', 'PTV', 'NHM', '0574e98c-8a1e-4442-b365-62b1e7f3dda3', '79a65316-978b-43a3-b16f-8b80b2c661be', 'active', 23.189941476264757, 87.99337663435031, ST_SetSRID(ST_Point(87.99337663435031, 23.189941476264757), 4326)::geography);
INSERT INTO ambulances (id, vehicle_number, type, provider, district_id, base_hospital_id, status, lat, lon, geom) VALUES ('e6cf3e3a-db01-484f-a4df-2c1294ec0244', 'WB-49-9103', 'ALS', 'Private', '0574e98c-8a1e-4442-b365-62b1e7f3dda3', '81b1803a-d578-4e9c-b28a-f17597c968c0', 'active', 23.19418961195069, 87.94959036893329, ST_SetSRID(ST_Point(87.94959036893329, 23.19418961195069), 4326)::geography);
INSERT INTO ambulances (id, vehicle_number, type, provider, district_id, base_hospital_id, status, lat, lon, geom) VALUES ('9657bc00-e1bc-4ecf-95bf-e15ebf381288', 'WB-36-2661', 'BLS', 'Private', '0574e98c-8a1e-4442-b365-62b1e7f3dda3', '81b1803a-d578-4e9c-b28a-f17597c968c0', 'active', 23.247596868680404, 87.83106296500648, ST_SetSRID(ST_Point(87.83106296500648, 23.247596868680404), 4326)::geography);
INSERT INTO ambulances (id, vehicle_number, type, provider, district_id, base_hospital_id, status, lat, lon, geom) VALUES ('782aca3b-0b06-41a4-973f-c3c7fc602f81', 'WB-28-3603', 'BLS', 'NHM', '0574e98c-8a1e-4442-b365-62b1e7f3dda3', '40179430-ec02-4bc4-9934-2d82da184e64', 'active', 23.26016169899889, 87.82139655879853, ST_SetSRID(ST_Point(87.82139655879853, 23.26016169899889), 4326)::geography);
INSERT INTO ambulances (id, vehicle_number, type, provider, district_id, base_hospital_id, status, lat, lon, geom) VALUES ('76e796e7-699a-43ea-be63-9b31c70b8eef', 'WB-53-9783', 'ALS', 'Private', '0574e98c-8a1e-4442-b365-62b1e7f3dda3', '40179430-ec02-4bc4-9934-2d82da184e64', 'active', 23.20427770526503, 87.86382243313675, ST_SetSRID(ST_Point(87.86382243313675, 23.20427770526503), 4326)::geography);
INSERT INTO ambulances (id, vehicle_number, type, provider, district_id, base_hospital_id, status, lat, lon, geom) VALUES ('e7f668f0-93cd-4a1b-8ccf-4d5250c6dc1b', 'WB-58-8643', 'BLS', 'NHM', '0574e98c-8a1e-4442-b365-62b1e7f3dda3', '81b1803a-d578-4e9c-b28a-f17597c968c0', 'active', 23.12271657848223, 87.92475542692068, ST_SetSRID(ST_Point(87.92475542692068, 23.12271657848223), 4326)::geography);
INSERT INTO ambulances (id, vehicle_number, type, provider, district_id, base_hospital_id, status, lat, lon, geom) VALUES ('47dc9fbd-a782-4106-ad1d-7e2ddbb387e2', 'WB-90-1388', 'BLS', 'NHM', '0574e98c-8a1e-4442-b365-62b1e7f3dda3', '40179430-ec02-4bc4-9934-2d82da184e64', 'active', 23.26552869678826, 87.8509629673705, ST_SetSRID(ST_Point(87.8509629673705, 23.26552869678826), 4326)::geography);
INSERT INTO ambulances (id, vehicle_number, type, provider, district_id, base_hospital_id, status, lat, lon, geom) VALUES ('9e0247df-9558-4658-af7e-946ab27f8df2', 'WB-63-9099', 'PTV', 'Private', '0574e98c-8a1e-4442-b365-62b1e7f3dda3', '79a65316-978b-43a3-b16f-8b80b2c661be', 'active', 23.18508593618993, 87.8261611886334, ST_SetSRID(ST_Point(87.8261611886334, 23.18508593618993), 4326)::geography);
INSERT INTO ambulances (id, vehicle_number, type, provider, district_id, base_hospital_id, status, lat, lon, geom) VALUES ('48d6c46f-e863-40f6-903e-eaef2f3c0f41', 'WB-62-7903', 'PTV', 'NHM', '0574e98c-8a1e-4442-b365-62b1e7f3dda3', '69888a6a-6860-4007-9ea5-5bf0620411c9', 'active', 23.217047423333927, 87.8763162395165, ST_SetSRID(ST_Point(87.8763162395165, 23.217047423333927), 4326)::geography);
INSERT INTO ambulances (id, vehicle_number, type, provider, district_id, base_hospital_id, status, lat, lon, geom) VALUES ('336cc71a-321d-4a51-a216-8b347a815486', 'WB-68-1497', 'ALS', 'Private', '0574e98c-8a1e-4442-b365-62b1e7f3dda3', '40179430-ec02-4bc4-9934-2d82da184e64', 'active', 23.214213959182047, 87.86641047311241, ST_SetSRID(ST_Point(87.86641047311241, 23.214213959182047), 4326)::geography);
INSERT INTO incidents (id, call_time, district_id, ambulance_id, hospital_id, response_time_sec, transport_time_sec, incident_type, triage_level, distance_km) VALUES ('c7d10d97-0203-4b55-883a-be4c4bd92a21', '2026-01-21T18:40:00', '5163c916-1a20-4822-aab0-890e39dd843d', '0f539862-3319-47cc-85ff-d10fb97634b5', '9e1c8d23-9743-46e0-bfae-87da523358e0', 1044, 1523, 'pregnancy', 'Non-Critical', 2.922818814709773);
INSERT INTO incidents (id, call_time, district_id, ambulance_id, hospital_id, response_time_sec, transport_time_sec, incident_type, triage_level, distance_km) VALUES ('7e8979d3-ccfa-4b4a-bd26-3daa8250b9b2', '2026-01-27T17:09:00', '5163c916-1a20-4822-aab0-890e39dd843d', '6fc711ee-5917-4f92-ab4f-75ea67577ee6', '46e32b61-ab32-4188-b34d-3317142197d0', 507, 1370, 'accident', 'Critical', 3.7839637369066907);
INSERT INTO incidents (id, call_time, district_id, ambulance_id, hospital_id, response_time_sec, transport_time_sec, incident_type, triage_level, distance_km) VALUES ('a0eacfd6-582c-481e-8869-628f241be7a4', '2026-01-22T03:59:00', '5163c916-1a20-4822-aab0-890e39dd843d', '368db0f8-6965-4ae9-bd44-a17d2d4c0ce3', '6f5fd190-2993-418e-a4dc-c2896d05ce9e', 422, 971, 'accident', 'Routine', 12.664259176160918);
INSERT INTO incidents (id, call_time, district_id, ambulance_id, hospital_id, response_time_sec, transport_time_sec, incident_type, triage_level, distance_km) VALUES ('06801418-8607-4b84-8a6f-df1ca7967682', '2026-01-28T14:59:00', '5163c916-1a20-4822-aab0-890e39dd843d', '0f539862-3319-47cc-85ff-d10fb97634b5', '46e32b61-ab32-4188-b34d-3317142197d0', 933, 1354, 'stroke', 'Routine', 14.281121050821302);
INSERT INTO incidents (id, call_time, district_id, ambulance_id, hospital_id, response_time_sec, transport_time_sec, incident_type, triage_level, distance_km) VALUES ('b31bce27-d03f-46bc-a6d1-15200b68347d', '2026-01-19T21:17:00', '5163c916-1a20-4822-aab0-890e39dd843d', 'a82d1d1f-d412-4a7b-8252-0c4a0022ad2b', '46e32b61-ab32-4188-b34d-3317142197d0', 1438, 1347, 'cardiac', 'Routine', 10.468430601947592);
INSERT INTO incidents (id, call_time, district_id, ambulance_id, hospital_id, response_time_sec, transport_time_sec, incident_type, triage_level, distance_km) VALUES ('a1c93a52-5324-4519-9d1d-5150090b46d7', '2026-01-16T06:34:00', '5163c916-1a20-4822-aab0-890e39dd843d', '3c876002-54b9-45c2-8e6a-0024730cb015', '3725ce64-1cca-4820-8944-8d3156ad15ae', 1531, 838, 'accident', 'Non-Critical', 13.002869066709774);
INSERT INTO incidents (id, call_time, district_id, ambulance_id, hospital_id, response_time_sec, transport_time_sec, incident_type, triage_level, distance_km) VALUES ('e87b7684-10ff-4dd1-8f88-e2e0f781a779', '2026-01-12T10:09:00', '5163c916-1a20-4822-aab0-890e39dd843d', '2fb5d5dc-473e-4be4-894c-421e22421538', '6f5fd190-2993-418e-a4dc-c2896d05ce9e', 1370, 1874, 'trauma', 'Critical', 14.800452238873879);
INSERT INTO incidents (id, call_time, district_id, ambulance_id, hospital_id, response_time_sec, transport_time_sec, incident_type, triage_level, distance_km) VALUES ('9bcb62b5-1951-4d7e-9fc0-eafb4b094354', '2026-01-03T22:22:00', '5163c916-1a20-4822-aab0-890e39dd843d', '0f539862-3319-47cc-85ff-d10fb97634b5', '9e1c8d23-9743-46e0-bfae-87da523358e0', 1407, 1768, 'cardiac', 'Non-Critical', 2.2406107336601337);
INSERT INTO incidents (id, call_time, district_id, ambulance_id, hospital_id, response_time_sec, transport_time_sec, incident_type, triage_level, distance_km) VALUES ('b4622dbe-22ac-4575-a7f5-49bfe4fa2fd4', '2026-01-14T12:05:00', '5163c916-1a20-4822-aab0-890e39dd843d', 'd67c5c12-ecfe-4081-96a7-362cc1f76b03', '9e1c8d23-9743-46e0-bfae-87da523358e0', 1321, 722, 'pregnancy', 'Non-Critical', 11.088822491893987);
INSERT INTO incidents (id, call_time, district_id, ambulance_id, hospital_id, response_time_sec, transport_time_sec, incident_type, triage_level, distance_km) VALUES ('8b266da3-bd75-4f99-935d-1a30ace703bf', '2026-01-08T14:43:00', '5163c916-1a20-4822-aab0-890e39dd843d', '4c73fd74-1ff2-499d-8690-801f53583133', '3725ce64-1cca-4820-8944-8d3156ad15ae', 367, 1858, 'pregnancy', 'Critical', 11.638258663395545);
INSERT INTO incidents (id, call_time, district_id, ambulance_id, hospital_id, response_time_sec, transport_time_sec, incident_type, triage_level, distance_km) VALUES ('9ce9cd5f-f8b8-4fdc-b81d-fa6cb9ea3714', '2026-01-26T10:23:00', '5163c916-1a20-4822-aab0-890e39dd843d', '4c73fd74-1ff2-499d-8690-801f53583133', '46e32b61-ab32-4188-b34d-3317142197d0', 1298, 803, 'cardiac', 'Non-Critical', 10.236531139695465);
INSERT INTO incidents (id, call_time, district_id, ambulance_id, hospital_id, response_time_sec, transport_time_sec, incident_type, triage_level, distance_km) VALUES ('13d5e9d1-1797-4141-9bda-d87e21619b19', '2026-01-20T08:26:00', '5163c916-1a20-4822-aab0-890e39dd843d', '12d2146c-53da-4d53-a263-0f489cf7b0f8', '9e1c8d23-9743-46e0-bfae-87da523358e0', 392, 2129, 'accident', 'Critical', 6.145880375615429);
INSERT INTO incidents (id, call_time, district_id, ambulance_id, hospital_id, response_time_sec, transport_time_sec, incident_type, triage_level, distance_km) VALUES ('3ac36d49-ca68-4ca3-a948-81bf8d61f90f', '2026-01-29T07:25:00', '5163c916-1a20-4822-aab0-890e39dd843d', '368db0f8-6965-4ae9-bd44-a17d2d4c0ce3', '6f5fd190-2993-418e-a4dc-c2896d05ce9e', 419, 632, 'trauma', 'Routine', 11.084872450805122);
INSERT INTO incidents (id, call_time, district_id, ambulance_id, hospital_id, response_time_sec, transport_time_sec, incident_type, triage_level, distance_km) VALUES ('0b74cf65-faf5-4bf5-b144-b6a1249979f4', '2026-01-21T01:53:00', '5163c916-1a20-4822-aab0-890e39dd843d', '3c876002-54b9-45c2-8e6a-0024730cb015', '3725ce64-1cca-4820-8944-8d3156ad15ae', 1082, 1161, 'trauma', 'Non-Critical', 5.95527655261335);
INSERT INTO incidents (id, call_time, district_id, ambulance_id, hospital_id, response_time_sec, transport_time_sec, incident_type, triage_level, distance_km) VALUES ('c099177c-4781-4504-bc6d-fb8fb6120863', '2026-01-28T22:05:00', '5163c916-1a20-4822-aab0-890e39dd843d', '4c73fd74-1ff2-499d-8690-801f53583133', '3bc43772-9a3c-4027-990d-ed258e553d4b', 368, 1440, 'trauma', 'Critical', 8.585818533937857);
INSERT INTO incidents (id, call_time, district_id, ambulance_id, hospital_id, response_time_sec, transport_time_sec, incident_type, triage_level, distance_km) VALUES ('d08e1865-7fd8-4dd4-85e1-1927309d330c', '2026-01-29T17:20:00', '5163c916-1a20-4822-aab0-890e39dd843d', 'a82d1d1f-d412-4a7b-8252-0c4a0022ad2b', '3725ce64-1cca-4820-8944-8d3156ad15ae', 443, 2007, 'cardiac', 'Critical', 3.913052690051259);
INSERT INTO incidents (id, call_time, district_id, ambulance_id, hospital_id, response_time_sec, transport_time_sec, incident_type, triage_level, distance_km) VALUES ('a4ae35cd-d74b-4b7e-984d-9505b064830c', '2026-01-16T23:56:00', '5163c916-1a20-4822-aab0-890e39dd843d', '4c73fd74-1ff2-499d-8690-801f53583133', '9e1c8d23-9743-46e0-bfae-87da523358e0', 362, 1534, 'stroke', 'Critical', 9.589912603266406);
INSERT INTO incidents (id, call_time, district_id, ambulance_id, hospital_id, response_time_sec, transport_time_sec, incident_type, triage_level, distance_km) VALUES ('06e107d7-6d85-413f-997c-066fcc629110', '2026-01-03T12:23:00', '5163c916-1a20-4822-aab0-890e39dd843d', '4c73fd74-1ff2-499d-8690-801f53583133', '3bc43772-9a3c-4027-990d-ed258e553d4b', 760, 816, 'accident', 'Non-Critical', 10.273858289574793);
INSERT INTO incidents (id, call_time, district_id, ambulance_id, hospital_id, response_time_sec, transport_time_sec, incident_type, triage_level, distance_km) VALUES ('37072dc9-8865-4f88-bc56-a62770f377a1', '2026-01-02T03:30:00', '5163c916-1a20-4822-aab0-890e39dd843d', '6fc711ee-5917-4f92-ab4f-75ea67577ee6', '6f5fd190-2993-418e-a4dc-c2896d05ce9e', 1196, 634, 'stroke', 'Critical', 11.460249164082837);
INSERT INTO incidents (id, call_time, district_id, ambulance_id, hospital_id, response_time_sec, transport_time_sec, incident_type, triage_level, distance_km) VALUES ('b0528f5b-c233-4497-8bb0-f4082f6c3762', '2026-01-14T17:39:00', '5163c916-1a20-4822-aab0-890e39dd843d', '368db0f8-6965-4ae9-bd44-a17d2d4c0ce3', '6f5fd190-2993-418e-a4dc-c2896d05ce9e', 832, 1001, 'accident', 'Non-Critical', 12.040887228231664);
INSERT INTO incidents (id, call_time, district_id, ambulance_id, hospital_id, response_time_sec, transport_time_sec, incident_type, triage_level, distance_km) VALUES ('4416a142-5aaa-4b69-96e9-81116d353b93', '2026-01-23T12:21:00', '5163c916-1a20-4822-aab0-890e39dd843d', '0f539862-3319-47cc-85ff-d10fb97634b5', '6f5fd190-2993-418e-a4dc-c2896d05ce9e', 949, 1444, 'trauma', 'Routine', 11.933930491112957);
INSERT INTO incidents (id, call_time, district_id, ambulance_id, hospital_id, response_time_sec, transport_time_sec, incident_type, triage_level, distance_km) VALUES ('63fb8ccf-84f9-4977-a6e0-0115e69d05da', '2026-01-17T05:10:00', '5163c916-1a20-4822-aab0-890e39dd843d', '12d2146c-53da-4d53-a263-0f489cf7b0f8', '9e1c8d23-9743-46e0-bfae-87da523358e0', 1178, 2158, 'cardiac', 'Non-Critical', 12.317180749910255);
INSERT INTO incidents (id, call_time, district_id, ambulance_id, hospital_id, response_time_sec, transport_time_sec, incident_type, triage_level, distance_km) VALUES ('f1665427-ef9a-4c91-b8ff-a7e1837fb736', '2026-01-13T17:24:00', '5163c916-1a20-4822-aab0-890e39dd843d', '3c876002-54b9-45c2-8e6a-0024730cb015', '3725ce64-1cca-4820-8944-8d3156ad15ae', 1056, 1049, 'pregnancy', 'Routine', 11.069257910847112);
INSERT INTO incidents (id, call_time, district_id, ambulance_id, hospital_id, response_time_sec, transport_time_sec, incident_type, triage_level, distance_km) VALUES ('893ef851-a853-464f-a391-9cdcc601b5e7', '2026-01-16T14:35:00', '5163c916-1a20-4822-aab0-890e39dd843d', '368db0f8-6965-4ae9-bd44-a17d2d4c0ce3', '6f5fd190-2993-418e-a4dc-c2896d05ce9e', 1140, 999, 'trauma', 'Routine', 6.052796942566896);
INSERT INTO incidents (id, call_time, district_id, ambulance_id, hospital_id, response_time_sec, transport_time_sec, incident_type, triage_level, distance_km) VALUES ('25c20bc2-7187-433b-87d6-e8bef8fc2bd0', '2026-01-08T16:17:00', '5163c916-1a20-4822-aab0-890e39dd843d', '3c876002-54b9-45c2-8e6a-0024730cb015', '3bc43772-9a3c-4027-990d-ed258e553d4b', 1092, 1466, 'trauma', 'Critical', 12.773029137343304);
INSERT INTO incidents (id, call_time, district_id, ambulance_id, hospital_id, response_time_sec, transport_time_sec, incident_type, triage_level, distance_km) VALUES ('a4a4b4c7-02fa-4e20-a90a-79ca0e3faf2b', '2026-01-17T21:56:00', '5163c916-1a20-4822-aab0-890e39dd843d', '2fb5d5dc-473e-4be4-894c-421e22421538', '6f5fd190-2993-418e-a4dc-c2896d05ce9e', 620, 2268, 'trauma', 'Critical', 13.03431934640449);
INSERT INTO incidents (id, call_time, district_id, ambulance_id, hospital_id, response_time_sec, transport_time_sec, incident_type, triage_level, distance_km) VALUES ('9f8952cf-714f-499b-9689-d6b241c1de17', '2026-01-29T17:25:00', '5163c916-1a20-4822-aab0-890e39dd843d', '0f539862-3319-47cc-85ff-d10fb97634b5', '3725ce64-1cca-4820-8944-8d3156ad15ae', 1650, 2205, 'stroke', 'Non-Critical', 14.767854307318904);
INSERT INTO incidents (id, call_time, district_id, ambulance_id, hospital_id, response_time_sec, transport_time_sec, incident_type, triage_level, distance_km) VALUES ('dcb05c39-28b6-41f7-8b74-5728465c4a9a', '2026-01-09T23:03:00', '5163c916-1a20-4822-aab0-890e39dd843d', '4c73fd74-1ff2-499d-8690-801f53583133', '6f5fd190-2993-418e-a4dc-c2896d05ce9e', 1528, 2343, 'cardiac', 'Non-Critical', 10.876988225119891);
INSERT INTO incidents (id, call_time, district_id, ambulance_id, hospital_id, response_time_sec, transport_time_sec, incident_type, triage_level, distance_km) VALUES ('4a0981cd-b7c6-4cb8-8e3e-26311348710e', '2026-01-18T04:43:00', '5163c916-1a20-4822-aab0-890e39dd843d', '91981937-b604-482b-b1aa-6371f3d11318', '46e32b61-ab32-4188-b34d-3317142197d0', 839, 1018, 'stroke', 'Routine', 2.085788452890795);
INSERT INTO incidents (id, call_time, district_id, ambulance_id, hospital_id, response_time_sec, transport_time_sec, incident_type, triage_level, distance_km) VALUES ('dbe39494-35da-440b-aa64-2587b6445444', '2026-01-17T21:00:00', '5163c916-1a20-4822-aab0-890e39dd843d', 'd67c5c12-ecfe-4081-96a7-362cc1f76b03', '46e32b61-ab32-4188-b34d-3317142197d0', 1717, 1697, 'cardiac', 'Routine', 11.202791800907598);
INSERT INTO incidents (id, call_time, district_id, ambulance_id, hospital_id, response_time_sec, transport_time_sec, incident_type, triage_level, distance_km) VALUES ('f7d9ada1-c76e-400f-afcc-724779038cd1', '2026-01-29T04:42:00', '5163c916-1a20-4822-aab0-890e39dd843d', '0f539862-3319-47cc-85ff-d10fb97634b5', '3725ce64-1cca-4820-8944-8d3156ad15ae', 1762, 2182, 'accident', 'Critical', 2.05113930775426);
INSERT INTO incidents (id, call_time, district_id, ambulance_id, hospital_id, response_time_sec, transport_time_sec, incident_type, triage_level, distance_km) VALUES ('1234293e-2f61-40c2-a408-e47e516ba39b', '2026-01-13T18:06:00', '5163c916-1a20-4822-aab0-890e39dd843d', '6fc711ee-5917-4f92-ab4f-75ea67577ee6', '3bc43772-9a3c-4027-990d-ed258e553d4b', 556, 1610, 'pregnancy', 'Non-Critical', 2.3995613981704196);
INSERT INTO incidents (id, call_time, district_id, ambulance_id, hospital_id, response_time_sec, transport_time_sec, incident_type, triage_level, distance_km) VALUES ('b263befa-55ef-4c26-9e8d-3af19abbc952', '2026-01-17T21:29:00', '5163c916-1a20-4822-aab0-890e39dd843d', '91981937-b604-482b-b1aa-6371f3d11318', '3725ce64-1cca-4820-8944-8d3156ad15ae', 1395, 1038, 'accident', 'Critical', 5.407634650543821);
INSERT INTO incidents (id, call_time, district_id, ambulance_id, hospital_id, response_time_sec, transport_time_sec, incident_type, triage_level, distance_km) VALUES ('45384bb8-d1b3-48d3-8047-98343f990874', '2026-01-05T14:43:00', '5163c916-1a20-4822-aab0-890e39dd843d', 'a82d1d1f-d412-4a7b-8252-0c4a0022ad2b', '3725ce64-1cca-4820-8944-8d3156ad15ae', 761, 1762, 'trauma', 'Routine', 10.44732870951228);
INSERT INTO incidents (id, call_time, district_id, ambulance_id, hospital_id, response_time_sec, transport_time_sec, incident_type, triage_level, distance_km) VALUES ('b3280dcd-1547-4021-a04b-892b55b3bcf1', '2026-01-28T00:32:00', '5163c916-1a20-4822-aab0-890e39dd843d', '4c73fd74-1ff2-499d-8690-801f53583133', '3bc43772-9a3c-4027-990d-ed258e553d4b', 1327, 957, 'trauma', 'Routine', 14.958775697395282);
INSERT INTO incidents (id, call_time, district_id, ambulance_id, hospital_id, response_time_sec, transport_time_sec, incident_type, triage_level, distance_km) VALUES ('ec98d2ed-55c6-4552-bcfb-2713c7578786', '2026-01-13T00:22:00', '5163c916-1a20-4822-aab0-890e39dd843d', '0f539862-3319-47cc-85ff-d10fb97634b5', '3bc43772-9a3c-4027-990d-ed258e553d4b', 1537, 1215, 'pregnancy', 'Routine', 5.312110292662725);
INSERT INTO incidents (id, call_time, district_id, ambulance_id, hospital_id, response_time_sec, transport_time_sec, incident_type, triage_level, distance_km) VALUES ('cfe80c72-b314-4cc2-903b-7bd006c712cb', '2026-01-27T01:16:00', '5163c916-1a20-4822-aab0-890e39dd843d', 'd67c5c12-ecfe-4081-96a7-362cc1f76b03', '3bc43772-9a3c-4027-990d-ed258e553d4b', 1033, 1068, 'cardiac', 'Critical', 10.59690462536926);
INSERT INTO incidents (id, call_time, district_id, ambulance_id, hospital_id, response_time_sec, transport_time_sec, incident_type, triage_level, distance_km) VALUES ('96134c45-6e88-4cb3-860b-8dafb78300a0', '2026-01-21T07:30:00', '5163c916-1a20-4822-aab0-890e39dd843d', '6fc711ee-5917-4f92-ab4f-75ea67577ee6', '3725ce64-1cca-4820-8944-8d3156ad15ae', 328, 2074, 'stroke', 'Routine', 2.9679764475189323);
INSERT INTO incidents (id, call_time, district_id, ambulance_id, hospital_id, response_time_sec, transport_time_sec, incident_type, triage_level, distance_km) VALUES ('1ea26432-936b-4c41-b7b8-0ef716262910', '2026-01-23T16:07:00', '5163c916-1a20-4822-aab0-890e39dd843d', '4c73fd74-1ff2-499d-8690-801f53583133', '3bc43772-9a3c-4027-990d-ed258e553d4b', 1374, 1606, 'stroke', 'Critical', 4.208476849169397);
INSERT INTO incidents (id, call_time, district_id, ambulance_id, hospital_id, response_time_sec, transport_time_sec, incident_type, triage_level, distance_km) VALUES ('40f26fa7-5b5e-4c82-9adf-b890888f9b84', '2026-01-22T12:18:00', '5163c916-1a20-4822-aab0-890e39dd843d', '2fb5d5dc-473e-4be4-894c-421e22421538', '6f5fd190-2993-418e-a4dc-c2896d05ce9e', 664, 1227, 'accident', 'Critical', 9.903262646121764);
INSERT INTO incidents (id, call_time, district_id, ambulance_id, hospital_id, response_time_sec, transport_time_sec, incident_type, triage_level, distance_km) VALUES ('bfc13146-014d-4078-8527-4f3abb2bd648', '2026-01-09T00:44:00', '5163c916-1a20-4822-aab0-890e39dd843d', '4c73fd74-1ff2-499d-8690-801f53583133', '46e32b61-ab32-4188-b34d-3317142197d0', 1385, 827, 'pregnancy', 'Routine', 4.569742670022126);
INSERT INTO incidents (id, call_time, district_id, ambulance_id, hospital_id, response_time_sec, transport_time_sec, incident_type, triage_level, distance_km) VALUES ('f86fe75c-e0fc-4b2c-9575-9593e34c6952', '2026-01-30T06:31:00', '5163c916-1a20-4822-aab0-890e39dd843d', '91981937-b604-482b-b1aa-6371f3d11318', '3bc43772-9a3c-4027-990d-ed258e553d4b', 1569, 2005, 'trauma', 'Critical', 10.77157176275739);
INSERT INTO incidents (id, call_time, district_id, ambulance_id, hospital_id, response_time_sec, transport_time_sec, incident_type, triage_level, distance_km) VALUES ('5ccf2983-e654-4fe2-ab27-7e6cef5d6ac1', '2026-01-26T23:53:00', '5163c916-1a20-4822-aab0-890e39dd843d', '2fb5d5dc-473e-4be4-894c-421e22421538', '3bc43772-9a3c-4027-990d-ed258e553d4b', 1720, 1243, 'cardiac', 'Routine', 14.923308739546759);
INSERT INTO incidents (id, call_time, district_id, ambulance_id, hospital_id, response_time_sec, transport_time_sec, incident_type, triage_level, distance_km) VALUES ('e313fb70-16d2-4a61-9d10-42e3d4446901', '2026-01-03T17:09:00', '5163c916-1a20-4822-aab0-890e39dd843d', '2fb5d5dc-473e-4be4-894c-421e22421538', '46e32b61-ab32-4188-b34d-3317142197d0', 1793, 1843, 'trauma', 'Non-Critical', 7.08046065664125);
INSERT INTO incidents (id, call_time, district_id, ambulance_id, hospital_id, response_time_sec, transport_time_sec, incident_type, triage_level, distance_km) VALUES ('5a0e7c8f-683c-46ad-8466-119a2abf8301', '2026-01-06T03:04:00', '5163c916-1a20-4822-aab0-890e39dd843d', '2fb5d5dc-473e-4be4-894c-421e22421538', '46e32b61-ab32-4188-b34d-3317142197d0', 1729, 1017, 'pregnancy', 'Critical', 13.77823610326832);
INSERT INTO incidents (id, call_time, district_id, ambulance_id, hospital_id, response_time_sec, transport_time_sec, incident_type, triage_level, distance_km) VALUES ('bad96ed6-be4c-4b21-9bbb-b284b18f5fab', '2026-01-20T10:21:00', '5163c916-1a20-4822-aab0-890e39dd843d', '368db0f8-6965-4ae9-bd44-a17d2d4c0ce3', '46e32b61-ab32-4188-b34d-3317142197d0', 1338, 1505, 'pregnancy', 'Critical', 3.7675317710618392);
INSERT INTO incidents (id, call_time, district_id, ambulance_id, hospital_id, response_time_sec, transport_time_sec, incident_type, triage_level, distance_km) VALUES ('9f6300a2-54c2-4798-b5a5-8b0f4fc8ea37', '2026-01-20T20:26:00', '5163c916-1a20-4822-aab0-890e39dd843d', '6fc711ee-5917-4f92-ab4f-75ea67577ee6', '46e32b61-ab32-4188-b34d-3317142197d0', 1444, 1049, 'pregnancy', 'Routine', 6.639404239831359);
INSERT INTO incidents (id, call_time, district_id, ambulance_id, hospital_id, response_time_sec, transport_time_sec, incident_type, triage_level, distance_km) VALUES ('dfd6ffcb-7841-49f1-9050-4177d3ae2c7e', '2026-01-20T16:18:00', '5163c916-1a20-4822-aab0-890e39dd843d', '3c876002-54b9-45c2-8e6a-0024730cb015', '3bc43772-9a3c-4027-990d-ed258e553d4b', 1494, 2071, 'trauma', 'Non-Critical', 2.256570477932126);
INSERT INTO incidents (id, call_time, district_id, ambulance_id, hospital_id, response_time_sec, transport_time_sec, incident_type, triage_level, distance_km) VALUES ('85dddf62-24c8-4908-8c57-23a939a54082', '2026-01-23T02:52:00', '5163c916-1a20-4822-aab0-890e39dd843d', '368db0f8-6965-4ae9-bd44-a17d2d4c0ce3', '46e32b61-ab32-4188-b34d-3317142197d0', 1490, 1987, 'stroke', 'Routine', 10.566632526074976);
INSERT INTO incidents (id, call_time, district_id, ambulance_id, hospital_id, response_time_sec, transport_time_sec, incident_type, triage_level, distance_km) VALUES ('01ed07f3-d181-47dc-ba85-a9e89bc3970c', '2026-01-05T22:42:00', '5163c916-1a20-4822-aab0-890e39dd843d', 'a82d1d1f-d412-4a7b-8252-0c4a0022ad2b', '3725ce64-1cca-4820-8944-8d3156ad15ae', 340, 1895, 'pregnancy', 'Critical', 4.083910632883415);
INSERT INTO incidents (id, call_time, district_id, ambulance_id, hospital_id, response_time_sec, transport_time_sec, incident_type, triage_level, distance_km) VALUES ('ff402678-e642-487a-911b-60a9499de2dc', '2026-01-30T12:37:00', '5163c916-1a20-4822-aab0-890e39dd843d', '6fc711ee-5917-4f92-ab4f-75ea67577ee6', '3bc43772-9a3c-4027-990d-ed258e553d4b', 925, 1936, 'stroke', 'Non-Critical', 6.390810604278157);
INSERT INTO incidents (id, call_time, district_id, ambulance_id, hospital_id, response_time_sec, transport_time_sec, incident_type, triage_level, distance_km) VALUES ('03e76072-b5ea-457f-8286-eda53d7ce65b', '2026-01-18T10:54:00', '5163c916-1a20-4822-aab0-890e39dd843d', '6fc711ee-5917-4f92-ab4f-75ea67577ee6', '3bc43772-9a3c-4027-990d-ed258e553d4b', 846, 1880, 'stroke', 'Routine', 14.88575816265008);
INSERT INTO incidents (id, call_time, district_id, ambulance_id, hospital_id, response_time_sec, transport_time_sec, incident_type, triage_level, distance_km) VALUES ('845da51d-cf4e-46f5-844a-a55ca7e05c92', '2026-01-07T16:43:00', '5163c916-1a20-4822-aab0-890e39dd843d', '91981937-b604-482b-b1aa-6371f3d11318', '3bc43772-9a3c-4027-990d-ed258e553d4b', 766, 917, 'cardiac', 'Non-Critical', 3.530501164060036);
INSERT INTO incidents (id, call_time, district_id, ambulance_id, hospital_id, response_time_sec, transport_time_sec, incident_type, triage_level, distance_km) VALUES ('960d3e37-4b48-45fb-b757-407d9f933dcd', '2026-01-14T22:10:00', '5163c916-1a20-4822-aab0-890e39dd843d', 'a82d1d1f-d412-4a7b-8252-0c4a0022ad2b', '6f5fd190-2993-418e-a4dc-c2896d05ce9e', 1090, 2325, 'pregnancy', 'Routine', 3.7663700054198688);
INSERT INTO incidents (id, call_time, district_id, ambulance_id, hospital_id, response_time_sec, transport_time_sec, incident_type, triage_level, distance_km) VALUES ('9021769f-e77a-4045-82d0-4bb4a88498a8', '2026-01-04T14:09:00', '5163c916-1a20-4822-aab0-890e39dd843d', 'd67c5c12-ecfe-4081-96a7-362cc1f76b03', '3725ce64-1cca-4820-8944-8d3156ad15ae', 1477, 1402, 'stroke', 'Non-Critical', 12.83229716572884);
INSERT INTO incidents (id, call_time, district_id, ambulance_id, hospital_id, response_time_sec, transport_time_sec, incident_type, triage_level, distance_km) VALUES ('4084e22b-b018-492a-93e8-9eeadfdda7b3', '2026-01-09T05:26:00', '5163c916-1a20-4822-aab0-890e39dd843d', '12d2146c-53da-4d53-a263-0f489cf7b0f8', '46e32b61-ab32-4188-b34d-3317142197d0', 663, 1191, 'stroke', 'Critical', 8.80366419823127);
INSERT INTO incidents (id, call_time, district_id, ambulance_id, hospital_id, response_time_sec, transport_time_sec, incident_type, triage_level, distance_km) VALUES ('a114201e-48bd-4088-96b2-bf93ff9e93e1', '2026-01-07T17:34:00', '5163c916-1a20-4822-aab0-890e39dd843d', '2fb5d5dc-473e-4be4-894c-421e22421538', '9e1c8d23-9743-46e0-bfae-87da523358e0', 994, 865, 'pregnancy', 'Routine', 10.122053542998245);
INSERT INTO incidents (id, call_time, district_id, ambulance_id, hospital_id, response_time_sec, transport_time_sec, incident_type, triage_level, distance_km) VALUES ('66cfcb86-4b50-4800-abd5-1e7d3fe61456', '2026-01-15T01:36:00', '5163c916-1a20-4822-aab0-890e39dd843d', '2fb5d5dc-473e-4be4-894c-421e22421538', '3725ce64-1cca-4820-8944-8d3156ad15ae', 393, 894, 'cardiac', 'Non-Critical', 9.23782366022504);
INSERT INTO incidents (id, call_time, district_id, ambulance_id, hospital_id, response_time_sec, transport_time_sec, incident_type, triage_level, distance_km) VALUES ('166c0b0e-d45a-4ccd-aaf8-9fd7712cb922', '2026-01-25T11:59:00', '5163c916-1a20-4822-aab0-890e39dd843d', '368db0f8-6965-4ae9-bd44-a17d2d4c0ce3', '6f5fd190-2993-418e-a4dc-c2896d05ce9e', 1557, 1931, 'accident', 'Routine', 7.36647297991224);
INSERT INTO incidents (id, call_time, district_id, ambulance_id, hospital_id, response_time_sec, transport_time_sec, incident_type, triage_level, distance_km) VALUES ('01a9849e-7760-4ac7-ae88-4a78bfc315bf', '2026-01-28T14:40:00', '5163c916-1a20-4822-aab0-890e39dd843d', '2fb5d5dc-473e-4be4-894c-421e22421538', '46e32b61-ab32-4188-b34d-3317142197d0', 403, 981, 'accident', 'Non-Critical', 2.8669338742722705);
INSERT INTO incidents (id, call_time, district_id, ambulance_id, hospital_id, response_time_sec, transport_time_sec, incident_type, triage_level, distance_km) VALUES ('72b6c5ae-331d-4531-a3c2-72f50be244a2', '2026-01-09T13:37:00', '5163c916-1a20-4822-aab0-890e39dd843d', '368db0f8-6965-4ae9-bd44-a17d2d4c0ce3', '3725ce64-1cca-4820-8944-8d3156ad15ae', 304, 1249, 'accident', 'Non-Critical', 13.486609644149347);
INSERT INTO incidents (id, call_time, district_id, ambulance_id, hospital_id, response_time_sec, transport_time_sec, incident_type, triage_level, distance_km) VALUES ('eb8e7cbc-e3e2-426e-b3ec-0a56b731d120', '2026-01-13T14:56:00', '5163c916-1a20-4822-aab0-890e39dd843d', '3c876002-54b9-45c2-8e6a-0024730cb015', '46e32b61-ab32-4188-b34d-3317142197d0', 722, 734, 'stroke', 'Routine', 4.821004500871993);
INSERT INTO incidents (id, call_time, district_id, ambulance_id, hospital_id, response_time_sec, transport_time_sec, incident_type, triage_level, distance_km) VALUES ('1a3bb137-0060-4f97-ad06-265414a1fb46', '2026-01-19T02:20:00', '5163c916-1a20-4822-aab0-890e39dd843d', '91981937-b604-482b-b1aa-6371f3d11318', '46e32b61-ab32-4188-b34d-3317142197d0', 1135, 1992, 'stroke', 'Critical', 3.969229105801122);
INSERT INTO incidents (id, call_time, district_id, ambulance_id, hospital_id, response_time_sec, transport_time_sec, incident_type, triage_level, distance_km) VALUES ('e6b93e8a-889e-49ae-bf91-d7c5dcdb8657', '2026-01-12T18:18:00', '5163c916-1a20-4822-aab0-890e39dd843d', '368db0f8-6965-4ae9-bd44-a17d2d4c0ce3', '3bc43772-9a3c-4027-990d-ed258e553d4b', 605, 808, 'pregnancy', 'Non-Critical', 8.501029550347);
INSERT INTO incidents (id, call_time, district_id, ambulance_id, hospital_id, response_time_sec, transport_time_sec, incident_type, triage_level, distance_km) VALUES ('ec8b49a1-c1cb-4d51-8437-0d4e06aa1423', '2026-01-18T03:47:00', '5163c916-1a20-4822-aab0-890e39dd843d', '0f539862-3319-47cc-85ff-d10fb97634b5', '9e1c8d23-9743-46e0-bfae-87da523358e0', 1386, 2250, 'accident', 'Non-Critical', 4.009933710460655);
INSERT INTO incidents (id, call_time, district_id, ambulance_id, hospital_id, response_time_sec, transport_time_sec, incident_type, triage_level, distance_km) VALUES ('94505e94-4e25-47d1-a6ce-bc2e6f25b225', '2026-01-02T13:12:00', '5163c916-1a20-4822-aab0-890e39dd843d', 'a82d1d1f-d412-4a7b-8252-0c4a0022ad2b', '9e1c8d23-9743-46e0-bfae-87da523358e0', 825, 619, 'accident', 'Critical', 13.999391569277714);
INSERT INTO incidents (id, call_time, district_id, ambulance_id, hospital_id, response_time_sec, transport_time_sec, incident_type, triage_level, distance_km) VALUES ('dd4d0cf2-4fc5-4c81-bb3c-df8dd492b756', '2026-01-04T09:33:00', '5163c916-1a20-4822-aab0-890e39dd843d', '91981937-b604-482b-b1aa-6371f3d11318', '3725ce64-1cca-4820-8944-8d3156ad15ae', 413, 1230, 'trauma', 'Non-Critical', 11.580538610585075);
INSERT INTO incidents (id, call_time, district_id, ambulance_id, hospital_id, response_time_sec, transport_time_sec, incident_type, triage_level, distance_km) VALUES ('ccf1cb88-c834-4707-a6e9-21ad530ccbfa', '2026-01-01T13:30:00', '5163c916-1a20-4822-aab0-890e39dd843d', '12d2146c-53da-4d53-a263-0f489cf7b0f8', '3bc43772-9a3c-4027-990d-ed258e553d4b', 1363, 1847, 'accident', 'Non-Critical', 10.568629804000205);
INSERT INTO incidents (id, call_time, district_id, ambulance_id, hospital_id, response_time_sec, transport_time_sec, incident_type, triage_level, distance_km) VALUES ('57e29b85-c6ec-4a10-8fc0-00be04f1c71f', '2026-01-11T07:59:00', '5163c916-1a20-4822-aab0-890e39dd843d', '91981937-b604-482b-b1aa-6371f3d11318', '6f5fd190-2993-418e-a4dc-c2896d05ce9e', 493, 1984, 'pregnancy', 'Non-Critical', 3.136253559555023);
INSERT INTO incidents (id, call_time, district_id, ambulance_id, hospital_id, response_time_sec, transport_time_sec, incident_type, triage_level, distance_km) VALUES ('fe686ef5-97bf-4703-a7d7-d6f499f4d742', '2026-01-09T13:25:00', '5163c916-1a20-4822-aab0-890e39dd843d', '12d2146c-53da-4d53-a263-0f489cf7b0f8', '6f5fd190-2993-418e-a4dc-c2896d05ce9e', 1196, 762, 'stroke', 'Critical', 9.683733715331108);
INSERT INTO incidents (id, call_time, district_id, ambulance_id, hospital_id, response_time_sec, transport_time_sec, incident_type, triage_level, distance_km) VALUES ('5455329e-65c8-4a39-842b-59e32416f24c', '2026-01-11T00:35:00', '5163c916-1a20-4822-aab0-890e39dd843d', '368db0f8-6965-4ae9-bd44-a17d2d4c0ce3', '6f5fd190-2993-418e-a4dc-c2896d05ce9e', 322, 1730, 'cardiac', 'Critical', 12.315359688183227);
INSERT INTO incidents (id, call_time, district_id, ambulance_id, hospital_id, response_time_sec, transport_time_sec, incident_type, triage_level, distance_km) VALUES ('e3cc9a4a-d8ce-4aa8-ba6e-507d5708f966', '2026-01-25T13:58:00', '5163c916-1a20-4822-aab0-890e39dd843d', 'd67c5c12-ecfe-4081-96a7-362cc1f76b03', '9e1c8d23-9743-46e0-bfae-87da523358e0', 1663, 743, 'trauma', 'Non-Critical', 2.927052800687739);
INSERT INTO incidents (id, call_time, district_id, ambulance_id, hospital_id, response_time_sec, transport_time_sec, incident_type, triage_level, distance_km) VALUES ('37369872-e74a-4602-bfc4-0d4e475cf9fa', '2026-01-09T04:26:00', '5163c916-1a20-4822-aab0-890e39dd843d', '91981937-b604-482b-b1aa-6371f3d11318', '3bc43772-9a3c-4027-990d-ed258e553d4b', 805, 1905, 'trauma', 'Critical', 3.7396193687393957);
INSERT INTO incidents (id, call_time, district_id, ambulance_id, hospital_id, response_time_sec, transport_time_sec, incident_type, triage_level, distance_km) VALUES ('659a24ad-e320-41fa-a43f-410360dd6fb1', '2026-01-10T02:21:00', '5163c916-1a20-4822-aab0-890e39dd843d', '91981937-b604-482b-b1aa-6371f3d11318', '6f5fd190-2993-418e-a4dc-c2896d05ce9e', 630, 2360, 'accident', 'Non-Critical', 6.830728671769121);
INSERT INTO incidents (id, call_time, district_id, ambulance_id, hospital_id, response_time_sec, transport_time_sec, incident_type, triage_level, distance_km) VALUES ('18e06e4a-9ffe-494b-a7d2-e9178c1ce2ee', '2026-01-18T15:28:00', '5163c916-1a20-4822-aab0-890e39dd843d', '368db0f8-6965-4ae9-bd44-a17d2d4c0ce3', '6f5fd190-2993-418e-a4dc-c2896d05ce9e', 1353, 2203, 'pregnancy', 'Critical', 14.444427155535491);
INSERT INTO incidents (id, call_time, district_id, ambulance_id, hospital_id, response_time_sec, transport_time_sec, incident_type, triage_level, distance_km) VALUES ('03693323-cf44-4070-a823-814e017e5e26', '2026-01-29T12:30:00', '5163c916-1a20-4822-aab0-890e39dd843d', '368db0f8-6965-4ae9-bd44-a17d2d4c0ce3', '3725ce64-1cca-4820-8944-8d3156ad15ae', 419, 1002, 'trauma', 'Critical', 2.3491580925379365);
INSERT INTO incidents (id, call_time, district_id, ambulance_id, hospital_id, response_time_sec, transport_time_sec, incident_type, triage_level, distance_km) VALUES ('44e79d41-da34-42e2-9cb1-becc266ef814', '2026-01-10T12:07:00', '5163c916-1a20-4822-aab0-890e39dd843d', '91981937-b604-482b-b1aa-6371f3d11318', '9e1c8d23-9743-46e0-bfae-87da523358e0', 1271, 1172, 'accident', 'Non-Critical', 14.701946909232229);
INSERT INTO incidents (id, call_time, district_id, ambulance_id, hospital_id, response_time_sec, transport_time_sec, incident_type, triage_level, distance_km) VALUES ('1a4b01c5-13b1-45a6-a46e-8286d114db72', '2026-01-10T04:52:00', '5163c916-1a20-4822-aab0-890e39dd843d', '0f539862-3319-47cc-85ff-d10fb97634b5', '46e32b61-ab32-4188-b34d-3317142197d0', 377, 811, 'pregnancy', 'Critical', 10.310568713669767);
INSERT INTO incidents (id, call_time, district_id, ambulance_id, hospital_id, response_time_sec, transport_time_sec, incident_type, triage_level, distance_km) VALUES ('36c83bfb-d537-49d2-b3f3-c853d88439a2', '2026-01-18T12:15:00', '5163c916-1a20-4822-aab0-890e39dd843d', 'a82d1d1f-d412-4a7b-8252-0c4a0022ad2b', '6f5fd190-2993-418e-a4dc-c2896d05ce9e', 1607, 650, 'accident', 'Routine', 8.917215748645223);
INSERT INTO incidents (id, call_time, district_id, ambulance_id, hospital_id, response_time_sec, transport_time_sec, incident_type, triage_level, distance_km) VALUES ('a81a5b9a-1df1-4663-aab3-963c70bc176e', '2026-01-13T21:14:00', '5163c916-1a20-4822-aab0-890e39dd843d', 'a82d1d1f-d412-4a7b-8252-0c4a0022ad2b', '3bc43772-9a3c-4027-990d-ed258e553d4b', 1225, 2300, 'cardiac', 'Non-Critical', 13.59301906725358);
INSERT INTO incidents (id, call_time, district_id, ambulance_id, hospital_id, response_time_sec, transport_time_sec, incident_type, triage_level, distance_km) VALUES ('e57e08cb-c65b-44da-8586-2cd1bc212377', '2026-01-02T00:09:00', '5163c916-1a20-4822-aab0-890e39dd843d', '12d2146c-53da-4d53-a263-0f489cf7b0f8', '3bc43772-9a3c-4027-990d-ed258e553d4b', 834, 1631, 'stroke', 'Non-Critical', 2.781823161799001);
INSERT INTO incidents (id, call_time, district_id, ambulance_id, hospital_id, response_time_sec, transport_time_sec, incident_type, triage_level, distance_km) VALUES ('cf6bd5b8-51bb-45c3-a2b3-a6f5d5be58f0', '2026-01-19T07:47:00', '5163c916-1a20-4822-aab0-890e39dd843d', '12d2146c-53da-4d53-a263-0f489cf7b0f8', '46e32b61-ab32-4188-b34d-3317142197d0', 1004, 1293, 'pregnancy', 'Routine', 2.3386772315612627);
INSERT INTO incidents (id, call_time, district_id, ambulance_id, hospital_id, response_time_sec, transport_time_sec, incident_type, triage_level, distance_km) VALUES ('196fc9d7-aad1-48f5-82b6-fa576e908095', '2026-01-13T12:26:00', '5163c916-1a20-4822-aab0-890e39dd843d', '3c876002-54b9-45c2-8e6a-0024730cb015', '9e1c8d23-9743-46e0-bfae-87da523358e0', 1639, 1286, 'stroke', 'Non-Critical', 4.3082549061395445);
INSERT INTO incidents (id, call_time, district_id, ambulance_id, hospital_id, response_time_sec, transport_time_sec, incident_type, triage_level, distance_km) VALUES ('2caa23f0-0e43-412d-ba48-bbf4ef1d6b95', '2026-01-04T10:46:00', '5163c916-1a20-4822-aab0-890e39dd843d', '2fb5d5dc-473e-4be4-894c-421e22421538', '6f5fd190-2993-418e-a4dc-c2896d05ce9e', 931, 1082, 'trauma', 'Critical', 10.934837762431702);
INSERT INTO incidents (id, call_time, district_id, ambulance_id, hospital_id, response_time_sec, transport_time_sec, incident_type, triage_level, distance_km) VALUES ('83fcab34-b7eb-437b-aee5-44e27a78346b', '2026-01-10T08:09:00', '5163c916-1a20-4822-aab0-890e39dd843d', '12d2146c-53da-4d53-a263-0f489cf7b0f8', '3bc43772-9a3c-4027-990d-ed258e553d4b', 738, 1312, 'stroke', 'Routine', 5.030394765569352);
INSERT INTO incidents (id, call_time, district_id, ambulance_id, hospital_id, response_time_sec, transport_time_sec, incident_type, triage_level, distance_km) VALUES ('11d5f32c-722b-4252-8806-123acc590cc9', '2026-01-19T15:57:00', '5163c916-1a20-4822-aab0-890e39dd843d', '0f539862-3319-47cc-85ff-d10fb97634b5', '6f5fd190-2993-418e-a4dc-c2896d05ce9e', 1696, 1366, 'trauma', 'Critical', 11.904635355685173);
INSERT INTO incidents (id, call_time, district_id, ambulance_id, hospital_id, response_time_sec, transport_time_sec, incident_type, triage_level, distance_km) VALUES ('961cc45f-77b9-4b16-8375-f936b0c8395f', '2026-01-14T09:29:00', '5163c916-1a20-4822-aab0-890e39dd843d', '3c876002-54b9-45c2-8e6a-0024730cb015', '9e1c8d23-9743-46e0-bfae-87da523358e0', 1512, 1352, 'pregnancy', 'Routine', 9.315473445357028);
INSERT INTO incidents (id, call_time, district_id, ambulance_id, hospital_id, response_time_sec, transport_time_sec, incident_type, triage_level, distance_km) VALUES ('7b17a3a8-6f3d-4dfc-ae0d-654edf8acf68', '2026-01-07T06:12:00', '5163c916-1a20-4822-aab0-890e39dd843d', '12d2146c-53da-4d53-a263-0f489cf7b0f8', '46e32b61-ab32-4188-b34d-3317142197d0', 594, 1679, 'stroke', 'Critical', 13.154140005392483);
INSERT INTO incidents (id, call_time, district_id, ambulance_id, hospital_id, response_time_sec, transport_time_sec, incident_type, triage_level, distance_km) VALUES ('d46efc71-4848-497a-b30a-7140fae8254a', '2026-01-09T09:41:00', '5163c916-1a20-4822-aab0-890e39dd843d', '368db0f8-6965-4ae9-bd44-a17d2d4c0ce3', '3bc43772-9a3c-4027-990d-ed258e553d4b', 846, 1092, 'pregnancy', 'Critical', 11.790081862708389);
INSERT INTO incidents (id, call_time, district_id, ambulance_id, hospital_id, response_time_sec, transport_time_sec, incident_type, triage_level, distance_km) VALUES ('12e20a40-be20-4b9f-a62c-684222920b8e', '2026-01-07T21:16:00', '5163c916-1a20-4822-aab0-890e39dd843d', '4c73fd74-1ff2-499d-8690-801f53583133', '3725ce64-1cca-4820-8944-8d3156ad15ae', 636, 1527, 'pregnancy', 'Routine', 9.833588842175105);
INSERT INTO incidents (id, call_time, district_id, ambulance_id, hospital_id, response_time_sec, transport_time_sec, incident_type, triage_level, distance_km) VALUES ('dc4f6f0e-60d9-49dc-8231-e7fce08ea2c9', '2026-01-07T03:43:00', '5163c916-1a20-4822-aab0-890e39dd843d', '91981937-b604-482b-b1aa-6371f3d11318', '3725ce64-1cca-4820-8944-8d3156ad15ae', 952, 987, 'trauma', 'Routine', 2.4789926814466687);
INSERT INTO incidents (id, call_time, district_id, ambulance_id, hospital_id, response_time_sec, transport_time_sec, incident_type, triage_level, distance_km) VALUES ('9acbf0b7-9d7e-4d2b-b9b6-8fbef3eed5dd', '2026-01-17T22:59:00', '5163c916-1a20-4822-aab0-890e39dd843d', '12d2146c-53da-4d53-a263-0f489cf7b0f8', '46e32b61-ab32-4188-b34d-3317142197d0', 1563, 665, 'pregnancy', 'Non-Critical', 5.902432173378539);
INSERT INTO incidents (id, call_time, district_id, ambulance_id, hospital_id, response_time_sec, transport_time_sec, incident_type, triage_level, distance_km) VALUES ('29438f05-f8f6-4e81-a54e-aec75ad9000f', '2026-01-26T23:52:00', '5163c916-1a20-4822-aab0-890e39dd843d', 'a82d1d1f-d412-4a7b-8252-0c4a0022ad2b', '46e32b61-ab32-4188-b34d-3317142197d0', 1283, 2338, 'pregnancy', 'Routine', 10.132224426302496);
INSERT INTO incidents (id, call_time, district_id, ambulance_id, hospital_id, response_time_sec, transport_time_sec, incident_type, triage_level, distance_km) VALUES ('07961755-5a7c-45a3-a957-1e6a1bedee3f', '2026-01-22T14:32:00', '5163c916-1a20-4822-aab0-890e39dd843d', '4c73fd74-1ff2-499d-8690-801f53583133', '3725ce64-1cca-4820-8944-8d3156ad15ae', 1377, 670, 'cardiac', 'Non-Critical', 7.786325397393726);
INSERT INTO incidents (id, call_time, district_id, ambulance_id, hospital_id, response_time_sec, transport_time_sec, incident_type, triage_level, distance_km) VALUES ('44af4f13-4ba9-474e-8932-c9940588587d', '2026-01-21T05:33:00', '5163c916-1a20-4822-aab0-890e39dd843d', '0f539862-3319-47cc-85ff-d10fb97634b5', '3bc43772-9a3c-4027-990d-ed258e553d4b', 663, 1042, 'accident', 'Critical', 14.473531668343252);
INSERT INTO incidents (id, call_time, district_id, ambulance_id, hospital_id, response_time_sec, transport_time_sec, incident_type, triage_level, distance_km) VALUES ('c4262d2d-e90b-4977-a9e3-ab76165f4dbb', '2026-01-08T20:04:00', '5163c916-1a20-4822-aab0-890e39dd843d', '91981937-b604-482b-b1aa-6371f3d11318', '46e32b61-ab32-4188-b34d-3317142197d0', 802, 950, 'accident', 'Routine', 11.735383056509663);
INSERT INTO incidents (id, call_time, district_id, ambulance_id, hospital_id, response_time_sec, transport_time_sec, incident_type, triage_level, distance_km) VALUES ('82999ece-6a0b-4b38-840a-51ba148a7f22', '2026-01-08T08:23:00', '5163c916-1a20-4822-aab0-890e39dd843d', 'd67c5c12-ecfe-4081-96a7-362cc1f76b03', '46e32b61-ab32-4188-b34d-3317142197d0', 1389, 2285, 'accident', 'Routine', 4.406378397391656);
INSERT INTO incidents (id, call_time, district_id, ambulance_id, hospital_id, response_time_sec, transport_time_sec, incident_type, triage_level, distance_km) VALUES ('a0b7211d-3e0e-419b-93c3-343413d63363', '2026-01-07T15:08:00', '5163c916-1a20-4822-aab0-890e39dd843d', '91981937-b604-482b-b1aa-6371f3d11318', '9e1c8d23-9743-46e0-bfae-87da523358e0', 379, 1611, 'accident', 'Non-Critical', 12.304949511564256);
INSERT INTO incidents (id, call_time, district_id, ambulance_id, hospital_id, response_time_sec, transport_time_sec, incident_type, triage_level, distance_km) VALUES ('5dc1de62-865b-4016-9d02-23aa2e084bfd', '2026-01-02T08:07:00', '5163c916-1a20-4822-aab0-890e39dd843d', '3c876002-54b9-45c2-8e6a-0024730cb015', '46e32b61-ab32-4188-b34d-3317142197d0', 1059, 1673, 'trauma', 'Routine', 12.32908079035201);
INSERT INTO incidents (id, call_time, district_id, ambulance_id, hospital_id, response_time_sec, transport_time_sec, incident_type, triage_level, distance_km) VALUES ('63ccf503-2411-4427-ab3f-45f800ac37c4', '2026-01-06T17:46:00', '5163c916-1a20-4822-aab0-890e39dd843d', '2fb5d5dc-473e-4be4-894c-421e22421538', '3725ce64-1cca-4820-8944-8d3156ad15ae', 686, 814, 'pregnancy', 'Routine', 10.092330725180538);
INSERT INTO incidents (id, call_time, district_id, ambulance_id, hospital_id, response_time_sec, transport_time_sec, incident_type, triage_level, distance_km) VALUES ('b08c6a98-768b-4d20-b3d3-4aa28020a931', '2026-01-10T16:21:00', '0574e98c-8a1e-4442-b365-62b1e7f3dda3', 'e7f668f0-93cd-4a1b-8ccf-4d5250c6dc1b', '40179430-ec02-4bc4-9934-2d82da184e64', 760, 2022, 'accident', 'Non-Critical', 5.6085942263573685);
INSERT INTO incidents (id, call_time, district_id, ambulance_id, hospital_id, response_time_sec, transport_time_sec, incident_type, triage_level, distance_km) VALUES ('8991eb39-3630-40a8-b081-0fdecbe51c51', '2026-01-01T22:50:00', '0574e98c-8a1e-4442-b365-62b1e7f3dda3', '48d6c46f-e863-40f6-903e-eaef2f3c0f41', 'b80f5a96-8b9b-4695-8e3a-faaeac8cb432', 1743, 1789, 'accident', 'Critical', 7.543296685066364);
INSERT INTO incidents (id, call_time, district_id, ambulance_id, hospital_id, response_time_sec, transport_time_sec, incident_type, triage_level, distance_km) VALUES ('4b378ab7-4bec-4f30-b851-ed731f45dc75', '2026-01-02T06:32:00', '0574e98c-8a1e-4442-b365-62b1e7f3dda3', 'a41dc3ca-cecd-464f-8a8d-edc3d061f341', '81b1803a-d578-4e9c-b28a-f17597c968c0', 1785, 2060, 'pregnancy', 'Critical', 14.078166893601544);
INSERT INTO incidents (id, call_time, district_id, ambulance_id, hospital_id, response_time_sec, transport_time_sec, incident_type, triage_level, distance_km) VALUES ('d85529d0-12e4-46de-9c90-26f79cb35638', '2026-01-20T11:08:00', '0574e98c-8a1e-4442-b365-62b1e7f3dda3', '47dc9fbd-a782-4106-ad1d-7e2ddbb387e2', '69888a6a-6860-4007-9ea5-5bf0620411c9', 959, 815, 'trauma', 'Non-Critical', 14.071901383425647);
INSERT INTO incidents (id, call_time, district_id, ambulance_id, hospital_id, response_time_sec, transport_time_sec, incident_type, triage_level, distance_km) VALUES ('12c598e8-85d4-4ad8-b29d-8c28e559cb0b', '2026-01-28T14:24:00', '0574e98c-8a1e-4442-b365-62b1e7f3dda3', '9657bc00-e1bc-4ecf-95bf-e15ebf381288', '79a65316-978b-43a3-b16f-8b80b2c661be', 1758, 1376, 'stroke', 'Critical', 13.83309150758939);
INSERT INTO incidents (id, call_time, district_id, ambulance_id, hospital_id, response_time_sec, transport_time_sec, incident_type, triage_level, distance_km) VALUES ('67e48ec3-f31e-489c-a28f-48289977d828', '2026-01-30T09:24:00', '0574e98c-8a1e-4442-b365-62b1e7f3dda3', 'e6cf3e3a-db01-484f-a4df-2c1294ec0244', '79a65316-978b-43a3-b16f-8b80b2c661be', 1239, 853, 'trauma', 'Routine', 4.707591186571181);
INSERT INTO incidents (id, call_time, district_id, ambulance_id, hospital_id, response_time_sec, transport_time_sec, incident_type, triage_level, distance_km) VALUES ('0fe8f0b9-3fc9-46de-b913-ccc972f95987', '2026-01-10T16:58:00', '0574e98c-8a1e-4442-b365-62b1e7f3dda3', 'e6cf3e3a-db01-484f-a4df-2c1294ec0244', '81b1803a-d578-4e9c-b28a-f17597c968c0', 1535, 899, 'accident', 'Critical', 13.278242748119446);
INSERT INTO incidents (id, call_time, district_id, ambulance_id, hospital_id, response_time_sec, transport_time_sec, incident_type, triage_level, distance_km) VALUES ('1b841e22-4b4e-4728-996e-6590eb57d89d', '2026-01-28T15:27:00', '0574e98c-8a1e-4442-b365-62b1e7f3dda3', '48d6c46f-e863-40f6-903e-eaef2f3c0f41', '40179430-ec02-4bc4-9934-2d82da184e64', 1387, 949, 'accident', 'Non-Critical', 6.733294047679586);
INSERT INTO incidents (id, call_time, district_id, ambulance_id, hospital_id, response_time_sec, transport_time_sec, incident_type, triage_level, distance_km) VALUES ('f743ec96-25fe-4f14-963b-584513d33e5a', '2026-01-09T22:31:00', '0574e98c-8a1e-4442-b365-62b1e7f3dda3', '48d6c46f-e863-40f6-903e-eaef2f3c0f41', '40179430-ec02-4bc4-9934-2d82da184e64', 1549, 871, 'pregnancy', 'Non-Critical', 9.550989565440783);
INSERT INTO incidents (id, call_time, district_id, ambulance_id, hospital_id, response_time_sec, transport_time_sec, incident_type, triage_level, distance_km) VALUES ('73278797-5f87-477b-ad90-431f2f43bdfa', '2026-01-13T13:52:00', '0574e98c-8a1e-4442-b365-62b1e7f3dda3', '76e796e7-699a-43ea-be63-9b31c70b8eef', '40179430-ec02-4bc4-9934-2d82da184e64', 557, 1191, 'trauma', 'Critical', 3.3891265634623275);
INSERT INTO incidents (id, call_time, district_id, ambulance_id, hospital_id, response_time_sec, transport_time_sec, incident_type, triage_level, distance_km) VALUES ('440c1ef9-6a42-499f-988c-8a650204ffdc', '2026-01-07T09:28:00', '0574e98c-8a1e-4442-b365-62b1e7f3dda3', '48d6c46f-e863-40f6-903e-eaef2f3c0f41', 'b80f5a96-8b9b-4695-8e3a-faaeac8cb432', 557, 2171, 'pregnancy', 'Non-Critical', 8.777257304658928);
INSERT INTO incidents (id, call_time, district_id, ambulance_id, hospital_id, response_time_sec, transport_time_sec, incident_type, triage_level, distance_km) VALUES ('7d7261a2-1058-488f-b91a-0babc4dfb829', '2026-01-30T12:15:00', '0574e98c-8a1e-4442-b365-62b1e7f3dda3', '9657bc00-e1bc-4ecf-95bf-e15ebf381288', '69888a6a-6860-4007-9ea5-5bf0620411c9', 1155, 1209, 'accident', 'Critical', 4.348498924012818);
INSERT INTO incidents (id, call_time, district_id, ambulance_id, hospital_id, response_time_sec, transport_time_sec, incident_type, triage_level, distance_km) VALUES ('29d6927f-de47-48a8-af22-55e1dfe02394', '2026-01-22T22:09:00', '0574e98c-8a1e-4442-b365-62b1e7f3dda3', 'e7f668f0-93cd-4a1b-8ccf-4d5250c6dc1b', 'b80f5a96-8b9b-4695-8e3a-faaeac8cb432', 394, 824, 'cardiac', 'Critical', 10.683227210578611);
INSERT INTO incidents (id, call_time, district_id, ambulance_id, hospital_id, response_time_sec, transport_time_sec, incident_type, triage_level, distance_km) VALUES ('bdceffd1-2c7c-44f8-998f-5ce2426ce1d3', '2026-01-07T04:20:00', '0574e98c-8a1e-4442-b365-62b1e7f3dda3', '47dc9fbd-a782-4106-ad1d-7e2ddbb387e2', '40179430-ec02-4bc4-9934-2d82da184e64', 404, 2145, 'cardiac', 'Critical', 6.048983173443351);
INSERT INTO incidents (id, call_time, district_id, ambulance_id, hospital_id, response_time_sec, transport_time_sec, incident_type, triage_level, distance_km) VALUES ('dc5e639b-c289-4cef-a138-ef63d36a973c', '2026-01-09T13:45:00', '0574e98c-8a1e-4442-b365-62b1e7f3dda3', 'e6cf3e3a-db01-484f-a4df-2c1294ec0244', '69888a6a-6860-4007-9ea5-5bf0620411c9', 980, 2254, 'accident', 'Critical', 6.755308879463635);
INSERT INTO incidents (id, call_time, district_id, ambulance_id, hospital_id, response_time_sec, transport_time_sec, incident_type, triage_level, distance_km) VALUES ('c3815a04-f548-4134-8aa7-8ff5634d25f1', '2026-01-01T10:44:00', '0574e98c-8a1e-4442-b365-62b1e7f3dda3', '48d6c46f-e863-40f6-903e-eaef2f3c0f41', '79a65316-978b-43a3-b16f-8b80b2c661be', 1034, 1128, 'cardiac', 'Non-Critical', 10.509238034595333);
INSERT INTO incidents (id, call_time, district_id, ambulance_id, hospital_id, response_time_sec, transport_time_sec, incident_type, triage_level, distance_km) VALUES ('f7fe2262-c348-4469-9f41-6178b6d3b107', '2026-01-05T21:07:00', '0574e98c-8a1e-4442-b365-62b1e7f3dda3', '76e796e7-699a-43ea-be63-9b31c70b8eef', '81b1803a-d578-4e9c-b28a-f17597c968c0', 486, 819, 'trauma', 'Non-Critical', 10.017738271760281);
INSERT INTO incidents (id, call_time, district_id, ambulance_id, hospital_id, response_time_sec, transport_time_sec, incident_type, triage_level, distance_km) VALUES ('860bed32-b58c-4dd2-9223-fadebab9bacb', '2026-01-23T18:41:00', '0574e98c-8a1e-4442-b365-62b1e7f3dda3', 'a41dc3ca-cecd-464f-8a8d-edc3d061f341', 'b80f5a96-8b9b-4695-8e3a-faaeac8cb432', 894, 1658, 'stroke', 'Routine', 4.686344856202412);
INSERT INTO incidents (id, call_time, district_id, ambulance_id, hospital_id, response_time_sec, transport_time_sec, incident_type, triage_level, distance_km) VALUES ('d3c5b739-f421-4d31-848f-ff196766402a', '2026-01-02T08:22:00', '0574e98c-8a1e-4442-b365-62b1e7f3dda3', '336cc71a-321d-4a51-a216-8b347a815486', '81b1803a-d578-4e9c-b28a-f17597c968c0', 807, 1736, 'accident', 'Critical', 9.04721719198527);
INSERT INTO incidents (id, call_time, district_id, ambulance_id, hospital_id, response_time_sec, transport_time_sec, incident_type, triage_level, distance_km) VALUES ('8643dcdb-9d3f-4543-b5ab-8ba6f417a4c3', '2026-01-26T17:48:00', '0574e98c-8a1e-4442-b365-62b1e7f3dda3', '9657bc00-e1bc-4ecf-95bf-e15ebf381288', '79a65316-978b-43a3-b16f-8b80b2c661be', 1366, 1664, 'pregnancy', 'Routine', 6.514360633607389);
INSERT INTO incidents (id, call_time, district_id, ambulance_id, hospital_id, response_time_sec, transport_time_sec, incident_type, triage_level, distance_km) VALUES ('178b9ca6-9c73-49d9-8580-de86bff05418', '2026-01-17T03:22:00', '0574e98c-8a1e-4442-b365-62b1e7f3dda3', '48d6c46f-e863-40f6-903e-eaef2f3c0f41', '40179430-ec02-4bc4-9934-2d82da184e64', 1700, 1473, 'stroke', 'Critical', 3.6026132125070927);
INSERT INTO incidents (id, call_time, district_id, ambulance_id, hospital_id, response_time_sec, transport_time_sec, incident_type, triage_level, distance_km) VALUES ('728dfc32-4dc7-42a2-8a3d-f34d7009d84f', '2026-01-20T06:13:00', '0574e98c-8a1e-4442-b365-62b1e7f3dda3', '9e0247df-9558-4658-af7e-946ab27f8df2', 'b80f5a96-8b9b-4695-8e3a-faaeac8cb432', 682, 915, 'pregnancy', 'Critical', 5.987538736558749);
INSERT INTO incidents (id, call_time, district_id, ambulance_id, hospital_id, response_time_sec, transport_time_sec, incident_type, triage_level, distance_km) VALUES ('fa1e1df6-d43d-40ec-9f9d-056fb3fa5817', '2026-01-02T19:53:00', '0574e98c-8a1e-4442-b365-62b1e7f3dda3', '336cc71a-321d-4a51-a216-8b347a815486', '79a65316-978b-43a3-b16f-8b80b2c661be', 1409, 750, 'trauma', 'Non-Critical', 2.689944882297219);
INSERT INTO incidents (id, call_time, district_id, ambulance_id, hospital_id, response_time_sec, transport_time_sec, incident_type, triage_level, distance_km) VALUES ('cbd0b9fb-8bb5-459a-8520-1a52ec27692a', '2026-01-26T21:19:00', '0574e98c-8a1e-4442-b365-62b1e7f3dda3', '336cc71a-321d-4a51-a216-8b347a815486', '40179430-ec02-4bc4-9934-2d82da184e64', 1765, 1231, 'cardiac', 'Routine', 7.435884773510841);
INSERT INTO incidents (id, call_time, district_id, ambulance_id, hospital_id, response_time_sec, transport_time_sec, incident_type, triage_level, distance_km) VALUES ('69779232-9e56-4d8a-9b0e-aae95ee502d5', '2026-01-01T18:29:00', '0574e98c-8a1e-4442-b365-62b1e7f3dda3', '76e796e7-699a-43ea-be63-9b31c70b8eef', 'b80f5a96-8b9b-4695-8e3a-faaeac8cb432', 1589, 862, 'cardiac', 'Non-Critical', 13.952357309164302);
INSERT INTO incidents (id, call_time, district_id, ambulance_id, hospital_id, response_time_sec, transport_time_sec, incident_type, triage_level, distance_km) VALUES ('39fd96bc-ea6f-4aad-96db-83073f141a0b', '2026-01-05T15:20:00', '0574e98c-8a1e-4442-b365-62b1e7f3dda3', 'a41dc3ca-cecd-464f-8a8d-edc3d061f341', '81b1803a-d578-4e9c-b28a-f17597c968c0', 601, 1824, 'accident', 'Critical', 9.999361702610212);
INSERT INTO incidents (id, call_time, district_id, ambulance_id, hospital_id, response_time_sec, transport_time_sec, incident_type, triage_level, distance_km) VALUES ('b80bfe91-ab89-4603-9f5b-29784f0e798a', '2026-01-24T20:16:00', '0574e98c-8a1e-4442-b365-62b1e7f3dda3', '47dc9fbd-a782-4106-ad1d-7e2ddbb387e2', '81b1803a-d578-4e9c-b28a-f17597c968c0', 1666, 1066, 'trauma', 'Routine', 11.069637177166628);
INSERT INTO incidents (id, call_time, district_id, ambulance_id, hospital_id, response_time_sec, transport_time_sec, incident_type, triage_level, distance_km) VALUES ('bd9b2038-10c3-4c9d-b72e-52e5ad11a361', '2026-01-04T13:16:00', '0574e98c-8a1e-4442-b365-62b1e7f3dda3', 'e6cf3e3a-db01-484f-a4df-2c1294ec0244', '69888a6a-6860-4007-9ea5-5bf0620411c9', 1638, 2072, 'accident', 'Critical', 12.538311628520106);
INSERT INTO incidents (id, call_time, district_id, ambulance_id, hospital_id, response_time_sec, transport_time_sec, incident_type, triage_level, distance_km) VALUES ('2b506cdc-79c6-4638-8738-aea68ffff84a', '2026-01-16T05:46:00', '0574e98c-8a1e-4442-b365-62b1e7f3dda3', 'a41dc3ca-cecd-464f-8a8d-edc3d061f341', '79a65316-978b-43a3-b16f-8b80b2c661be', 1322, 1253, 'stroke', 'Non-Critical', 13.20128684792978);
INSERT INTO incidents (id, call_time, district_id, ambulance_id, hospital_id, response_time_sec, transport_time_sec, incident_type, triage_level, distance_km) VALUES ('655436e2-a28c-41e9-a453-45b7bf64511c', '2026-01-13T03:52:00', '0574e98c-8a1e-4442-b365-62b1e7f3dda3', '9e0247df-9558-4658-af7e-946ab27f8df2', '81b1803a-d578-4e9c-b28a-f17597c968c0', 1563, 1318, 'trauma', 'Non-Critical', 10.904492771311572);
INSERT INTO incidents (id, call_time, district_id, ambulance_id, hospital_id, response_time_sec, transport_time_sec, incident_type, triage_level, distance_km) VALUES ('8e4f8b8a-a02c-4ee6-bb01-f9e35a3d07bc', '2026-01-13T16:49:00', '0574e98c-8a1e-4442-b365-62b1e7f3dda3', 'e7f668f0-93cd-4a1b-8ccf-4d5250c6dc1b', '69888a6a-6860-4007-9ea5-5bf0620411c9', 655, 800, 'pregnancy', 'Non-Critical', 7.995297296325042);
INSERT INTO incidents (id, call_time, district_id, ambulance_id, hospital_id, response_time_sec, transport_time_sec, incident_type, triage_level, distance_km) VALUES ('e7e045e1-28ed-4f4c-811a-c737f326109a', '2026-01-22T00:09:00', '0574e98c-8a1e-4442-b365-62b1e7f3dda3', '47dc9fbd-a782-4106-ad1d-7e2ddbb387e2', '69888a6a-6860-4007-9ea5-5bf0620411c9', 1082, 1634, 'trauma', 'Non-Critical', 5.769722978525419);
INSERT INTO incidents (id, call_time, district_id, ambulance_id, hospital_id, response_time_sec, transport_time_sec, incident_type, triage_level, distance_km) VALUES ('c99d4292-6db8-4122-9b3a-cdf49a8076dd', '2026-01-22T13:53:00', '0574e98c-8a1e-4442-b365-62b1e7f3dda3', '76e796e7-699a-43ea-be63-9b31c70b8eef', '79a65316-978b-43a3-b16f-8b80b2c661be', 952, 1287, 'trauma', 'Non-Critical', 8.062725862803967);
INSERT INTO incidents (id, call_time, district_id, ambulance_id, hospital_id, response_time_sec, transport_time_sec, incident_type, triage_level, distance_km) VALUES ('d4268beb-8297-4d74-becb-625e3b4ece53', '2026-01-07T18:15:00', '0574e98c-8a1e-4442-b365-62b1e7f3dda3', '9657bc00-e1bc-4ecf-95bf-e15ebf381288', '81b1803a-d578-4e9c-b28a-f17597c968c0', 993, 1101, 'pregnancy', 'Non-Critical', 4.174984241911228);
INSERT INTO incidents (id, call_time, district_id, ambulance_id, hospital_id, response_time_sec, transport_time_sec, incident_type, triage_level, distance_km) VALUES ('154be58b-7ba8-48ac-8cef-6c002095d8ed', '2026-01-30T20:45:00', '0574e98c-8a1e-4442-b365-62b1e7f3dda3', '9657bc00-e1bc-4ecf-95bf-e15ebf381288', '40179430-ec02-4bc4-9934-2d82da184e64', 1451, 1978, 'accident', 'Non-Critical', 12.110157279112245);
INSERT INTO incidents (id, call_time, district_id, ambulance_id, hospital_id, response_time_sec, transport_time_sec, incident_type, triage_level, distance_km) VALUES ('76ba80dd-4484-491d-8589-171a10f00328', '2026-01-27T19:47:00', '0574e98c-8a1e-4442-b365-62b1e7f3dda3', 'a41dc3ca-cecd-464f-8a8d-edc3d061f341', '40179430-ec02-4bc4-9934-2d82da184e64', 1717, 1485, 'pregnancy', 'Non-Critical', 4.972417837190709);
INSERT INTO incidents (id, call_time, district_id, ambulance_id, hospital_id, response_time_sec, transport_time_sec, incident_type, triage_level, distance_km) VALUES ('c8235ba5-d83d-409c-993f-177b9eecb1e2', '2026-01-08T20:11:00', '0574e98c-8a1e-4442-b365-62b1e7f3dda3', '48d6c46f-e863-40f6-903e-eaef2f3c0f41', '69888a6a-6860-4007-9ea5-5bf0620411c9', 709, 1521, 'accident', 'Non-Critical', 6.510468357656571);
INSERT INTO incidents (id, call_time, district_id, ambulance_id, hospital_id, response_time_sec, transport_time_sec, incident_type, triage_level, distance_km) VALUES ('9bd6d7fc-935d-4c0a-9a47-24dbf7579db9', '2026-01-15T09:57:00', '0574e98c-8a1e-4442-b365-62b1e7f3dda3', 'a41dc3ca-cecd-464f-8a8d-edc3d061f341', '40179430-ec02-4bc4-9934-2d82da184e64', 1160, 950, 'cardiac', 'Critical', 10.33200989724142);
INSERT INTO incidents (id, call_time, district_id, ambulance_id, hospital_id, response_time_sec, transport_time_sec, incident_type, triage_level, distance_km) VALUES ('dab9b569-c860-46f6-92fb-b24a58a369f9', '2026-01-06T00:59:00', '0574e98c-8a1e-4442-b365-62b1e7f3dda3', '47dc9fbd-a782-4106-ad1d-7e2ddbb387e2', '40179430-ec02-4bc4-9934-2d82da184e64', 965, 1826, 'accident', 'Critical', 6.678057045945038);
INSERT INTO incidents (id, call_time, district_id, ambulance_id, hospital_id, response_time_sec, transport_time_sec, incident_type, triage_level, distance_km) VALUES ('1d1a7617-e912-4624-8616-550fe63e4628', '2026-01-30T10:17:00', '0574e98c-8a1e-4442-b365-62b1e7f3dda3', 'e6cf3e3a-db01-484f-a4df-2c1294ec0244', 'b80f5a96-8b9b-4695-8e3a-faaeac8cb432', 1503, 1382, 'stroke', 'Critical', 3.885858980897244);
INSERT INTO incidents (id, call_time, district_id, ambulance_id, hospital_id, response_time_sec, transport_time_sec, incident_type, triage_level, distance_km) VALUES ('b0a0e556-f76b-4b9d-af56-6cd2f4c7212f', '2026-01-28T18:42:00', '0574e98c-8a1e-4442-b365-62b1e7f3dda3', 'e7f668f0-93cd-4a1b-8ccf-4d5250c6dc1b', '79a65316-978b-43a3-b16f-8b80b2c661be', 1003, 872, 'trauma', 'Critical', 3.405477565187455);
INSERT INTO incidents (id, call_time, district_id, ambulance_id, hospital_id, response_time_sec, transport_time_sec, incident_type, triage_level, distance_km) VALUES ('5be836c4-6cc6-4748-a2ca-379e15079440', '2026-01-06T22:06:00', '0574e98c-8a1e-4442-b365-62b1e7f3dda3', 'e7f668f0-93cd-4a1b-8ccf-4d5250c6dc1b', '40179430-ec02-4bc4-9934-2d82da184e64', 1671, 1965, 'trauma', 'Non-Critical', 7.852213151102308);
INSERT INTO incidents (id, call_time, district_id, ambulance_id, hospital_id, response_time_sec, transport_time_sec, incident_type, triage_level, distance_km) VALUES ('49e7472a-fb93-4ab0-ba8d-893bf668b76f', '2026-01-08T04:10:00', '0574e98c-8a1e-4442-b365-62b1e7f3dda3', 'a41dc3ca-cecd-464f-8a8d-edc3d061f341', '40179430-ec02-4bc4-9934-2d82da184e64', 371, 1723, 'stroke', 'Routine', 12.224018580771244);
INSERT INTO incidents (id, call_time, district_id, ambulance_id, hospital_id, response_time_sec, transport_time_sec, incident_type, triage_level, distance_km) VALUES ('0474395a-662f-42bb-8261-d3ee0d1ab7e9', '2026-01-17T06:23:00', '0574e98c-8a1e-4442-b365-62b1e7f3dda3', 'a41dc3ca-cecd-464f-8a8d-edc3d061f341', 'b80f5a96-8b9b-4695-8e3a-faaeac8cb432', 409, 1638, 'pregnancy', 'Critical', 11.089689136923369);
INSERT INTO incidents (id, call_time, district_id, ambulance_id, hospital_id, response_time_sec, transport_time_sec, incident_type, triage_level, distance_km) VALUES ('ed259496-f4ae-4360-80e7-40ba7d27f0f5', '2026-01-15T08:58:00', '0574e98c-8a1e-4442-b365-62b1e7f3dda3', '782aca3b-0b06-41a4-973f-c3c7fc602f81', 'b80f5a96-8b9b-4695-8e3a-faaeac8cb432', 1188, 1301, 'accident', 'Critical', 13.61491471471858);
INSERT INTO incidents (id, call_time, district_id, ambulance_id, hospital_id, response_time_sec, transport_time_sec, incident_type, triage_level, distance_km) VALUES ('459ea8a0-2585-4a6b-8bd8-b034178ec0c3', '2026-01-18T02:59:00', '0574e98c-8a1e-4442-b365-62b1e7f3dda3', 'e6cf3e3a-db01-484f-a4df-2c1294ec0244', 'b80f5a96-8b9b-4695-8e3a-faaeac8cb432', 1435, 805, 'stroke', 'Non-Critical', 9.645747529281714);
INSERT INTO incidents (id, call_time, district_id, ambulance_id, hospital_id, response_time_sec, transport_time_sec, incident_type, triage_level, distance_km) VALUES ('18110666-0f19-4747-a0c0-796bd5ad71a0', '2026-01-16T04:08:00', '0574e98c-8a1e-4442-b365-62b1e7f3dda3', '336cc71a-321d-4a51-a216-8b347a815486', '69888a6a-6860-4007-9ea5-5bf0620411c9', 1262, 1319, 'cardiac', 'Critical', 14.748797323923801);
INSERT INTO incidents (id, call_time, district_id, ambulance_id, hospital_id, response_time_sec, transport_time_sec, incident_type, triage_level, distance_km) VALUES ('351a130b-a602-49c6-85ca-0b98ac89a222', '2026-01-05T08:28:00', '0574e98c-8a1e-4442-b365-62b1e7f3dda3', '9657bc00-e1bc-4ecf-95bf-e15ebf381288', '40179430-ec02-4bc4-9934-2d82da184e64', 520, 2041, 'cardiac', 'Non-Critical', 8.32850343101458);
INSERT INTO incidents (id, call_time, district_id, ambulance_id, hospital_id, response_time_sec, transport_time_sec, incident_type, triage_level, distance_km) VALUES ('bc874f92-3384-4fe6-8b45-a05c6bcc4cf6', '2026-01-19T17:24:00', '0574e98c-8a1e-4442-b365-62b1e7f3dda3', '48d6c46f-e863-40f6-903e-eaef2f3c0f41', '79a65316-978b-43a3-b16f-8b80b2c661be', 1546, 1533, 'cardiac', 'Critical', 10.065597812542896);
INSERT INTO incidents (id, call_time, district_id, ambulance_id, hospital_id, response_time_sec, transport_time_sec, incident_type, triage_level, distance_km) VALUES ('997e2627-cbd1-4a6f-ba42-057b51c955c9', '2026-01-26T03:37:00', '0574e98c-8a1e-4442-b365-62b1e7f3dda3', 'e7f668f0-93cd-4a1b-8ccf-4d5250c6dc1b', 'b80f5a96-8b9b-4695-8e3a-faaeac8cb432', 1413, 2099, 'stroke', 'Routine', 2.744357090173005);
INSERT INTO incidents (id, call_time, district_id, ambulance_id, hospital_id, response_time_sec, transport_time_sec, incident_type, triage_level, distance_km) VALUES ('b665948f-099c-4f34-b260-2b4a0ec17db3', '2026-01-21T22:20:00', '0574e98c-8a1e-4442-b365-62b1e7f3dda3', '47dc9fbd-a782-4106-ad1d-7e2ddbb387e2', 'b80f5a96-8b9b-4695-8e3a-faaeac8cb432', 811, 734, 'cardiac', 'Critical', 7.61808350156728);
INSERT INTO incidents (id, call_time, district_id, ambulance_id, hospital_id, response_time_sec, transport_time_sec, incident_type, triage_level, distance_km) VALUES ('4018bae7-f17a-4100-837b-b4e769b36d99', '2026-01-30T09:01:00', '0574e98c-8a1e-4442-b365-62b1e7f3dda3', '76e796e7-699a-43ea-be63-9b31c70b8eef', '69888a6a-6860-4007-9ea5-5bf0620411c9', 1211, 2226, 'accident', 'Routine', 8.5962744312145);
INSERT INTO incidents (id, call_time, district_id, ambulance_id, hospital_id, response_time_sec, transport_time_sec, incident_type, triage_level, distance_km) VALUES ('79a05089-2ab6-4c10-a6ed-2c7c9131dd34', '2026-01-13T09:14:00', '0574e98c-8a1e-4442-b365-62b1e7f3dda3', 'a41dc3ca-cecd-464f-8a8d-edc3d061f341', '69888a6a-6860-4007-9ea5-5bf0620411c9', 476, 805, 'cardiac', 'Non-Critical', 3.680200768492137);
INSERT INTO incidents (id, call_time, district_id, ambulance_id, hospital_id, response_time_sec, transport_time_sec, incident_type, triage_level, distance_km) VALUES ('3d600cd9-163d-4cc8-9405-c4b54a1be87d', '2026-01-18T14:45:00', '0574e98c-8a1e-4442-b365-62b1e7f3dda3', '9657bc00-e1bc-4ecf-95bf-e15ebf381288', '81b1803a-d578-4e9c-b28a-f17597c968c0', 1524, 1904, 'cardiac', 'Critical', 8.468190797898359);
INSERT INTO incidents (id, call_time, district_id, ambulance_id, hospital_id, response_time_sec, transport_time_sec, incident_type, triage_level, distance_km) VALUES ('3c024460-0a61-433a-9d5d-680fdd43b179', '2026-01-15T15:10:00', '0574e98c-8a1e-4442-b365-62b1e7f3dda3', '48d6c46f-e863-40f6-903e-eaef2f3c0f41', '40179430-ec02-4bc4-9934-2d82da184e64', 343, 1016, 'cardiac', 'Non-Critical', 8.36068041618993);
INSERT INTO incidents (id, call_time, district_id, ambulance_id, hospital_id, response_time_sec, transport_time_sec, incident_type, triage_level, distance_km) VALUES ('c457d859-3054-4ffe-ab45-3fb51d30b7d5', '2026-01-29T08:00:00', '0574e98c-8a1e-4442-b365-62b1e7f3dda3', '9657bc00-e1bc-4ecf-95bf-e15ebf381288', '69888a6a-6860-4007-9ea5-5bf0620411c9', 1040, 2348, 'accident', 'Routine', 2.135730153138687);
INSERT INTO incidents (id, call_time, district_id, ambulance_id, hospital_id, response_time_sec, transport_time_sec, incident_type, triage_level, distance_km) VALUES ('11f6de47-8b7f-472c-a252-0f55cc6d772d', '2026-01-24T03:33:00', '0574e98c-8a1e-4442-b365-62b1e7f3dda3', '782aca3b-0b06-41a4-973f-c3c7fc602f81', '79a65316-978b-43a3-b16f-8b80b2c661be', 1299, 1338, 'pregnancy', 'Routine', 4.109019511637012);
INSERT INTO incidents (id, call_time, district_id, ambulance_id, hospital_id, response_time_sec, transport_time_sec, incident_type, triage_level, distance_km) VALUES ('98c8aa1e-82a6-4af2-93fa-391c788633e5', '2026-01-06T06:37:00', '0574e98c-8a1e-4442-b365-62b1e7f3dda3', '782aca3b-0b06-41a4-973f-c3c7fc602f81', 'b80f5a96-8b9b-4695-8e3a-faaeac8cb432', 577, 2090, 'cardiac', 'Routine', 9.780237777536739);
INSERT INTO incidents (id, call_time, district_id, ambulance_id, hospital_id, response_time_sec, transport_time_sec, incident_type, triage_level, distance_km) VALUES ('5c83e08e-a651-49ef-81f6-b02aaf64ed45', '2026-01-03T19:47:00', '0574e98c-8a1e-4442-b365-62b1e7f3dda3', 'e6cf3e3a-db01-484f-a4df-2c1294ec0244', 'b80f5a96-8b9b-4695-8e3a-faaeac8cb432', 1272, 1365, 'trauma', 'Routine', 6.517018979548666);
INSERT INTO incidents (id, call_time, district_id, ambulance_id, hospital_id, response_time_sec, transport_time_sec, incident_type, triage_level, distance_km) VALUES ('dfebb883-bb24-4193-ab1b-4d1b973527e8', '2026-01-17T20:05:00', '0574e98c-8a1e-4442-b365-62b1e7f3dda3', '9e0247df-9558-4658-af7e-946ab27f8df2', '81b1803a-d578-4e9c-b28a-f17597c968c0', 996, 1755, 'accident', 'Routine', 3.810127672213663);
INSERT INTO incidents (id, call_time, district_id, ambulance_id, hospital_id, response_time_sec, transport_time_sec, incident_type, triage_level, distance_km) VALUES ('3734ab8e-d1a0-4fd3-8f74-c8975ffeb227', '2026-01-05T01:07:00', '0574e98c-8a1e-4442-b365-62b1e7f3dda3', '9657bc00-e1bc-4ecf-95bf-e15ebf381288', '69888a6a-6860-4007-9ea5-5bf0620411c9', 809, 2388, 'cardiac', 'Critical', 13.119950169548394);
INSERT INTO incidents (id, call_time, district_id, ambulance_id, hospital_id, response_time_sec, transport_time_sec, incident_type, triage_level, distance_km) VALUES ('fba9dff3-8cfa-4e33-a2df-2d29976740a1', '2026-01-05T17:16:00', '0574e98c-8a1e-4442-b365-62b1e7f3dda3', '47dc9fbd-a782-4106-ad1d-7e2ddbb387e2', 'b80f5a96-8b9b-4695-8e3a-faaeac8cb432', 405, 1728, 'stroke', 'Non-Critical', 13.144177691939738);
INSERT INTO incidents (id, call_time, district_id, ambulance_id, hospital_id, response_time_sec, transport_time_sec, incident_type, triage_level, distance_km) VALUES ('72f7fe13-1eab-4feb-9ef4-8db8d1a293fb', '2026-01-10T00:23:00', '0574e98c-8a1e-4442-b365-62b1e7f3dda3', 'e7f668f0-93cd-4a1b-8ccf-4d5250c6dc1b', 'b80f5a96-8b9b-4695-8e3a-faaeac8cb432', 399, 1691, 'stroke', 'Non-Critical', 12.357613827884167);
INSERT INTO incidents (id, call_time, district_id, ambulance_id, hospital_id, response_time_sec, transport_time_sec, incident_type, triage_level, distance_km) VALUES ('7d604638-d80a-4749-b31c-b0d0664ae571', '2026-01-13T12:10:00', '0574e98c-8a1e-4442-b365-62b1e7f3dda3', '47dc9fbd-a782-4106-ad1d-7e2ddbb387e2', '79a65316-978b-43a3-b16f-8b80b2c661be', 390, 1204, 'pregnancy', 'Non-Critical', 5.908487768283184);
INSERT INTO incidents (id, call_time, district_id, ambulance_id, hospital_id, response_time_sec, transport_time_sec, incident_type, triage_level, distance_km) VALUES ('ffa6cf1f-ed3f-4a86-baa6-4053101615ad', '2026-01-03T12:16:00', '0574e98c-8a1e-4442-b365-62b1e7f3dda3', '782aca3b-0b06-41a4-973f-c3c7fc602f81', '69888a6a-6860-4007-9ea5-5bf0620411c9', 1727, 1260, 'cardiac', 'Critical', 9.368610756580363);
INSERT INTO incidents (id, call_time, district_id, ambulance_id, hospital_id, response_time_sec, transport_time_sec, incident_type, triage_level, distance_km) VALUES ('6fd15bca-f4d6-48d5-b3ef-c467d77eebbc', '2026-01-15T15:32:00', '0574e98c-8a1e-4442-b365-62b1e7f3dda3', '9e0247df-9558-4658-af7e-946ab27f8df2', 'b80f5a96-8b9b-4695-8e3a-faaeac8cb432', 1469, 1534, 'stroke', 'Non-Critical', 5.683314546457461);
INSERT INTO incidents (id, call_time, district_id, ambulance_id, hospital_id, response_time_sec, transport_time_sec, incident_type, triage_level, distance_km) VALUES ('c7f40cb6-228e-42f6-82ec-3f3c8e623396', '2026-01-07T06:11:00', '0574e98c-8a1e-4442-b365-62b1e7f3dda3', 'e6cf3e3a-db01-484f-a4df-2c1294ec0244', 'b80f5a96-8b9b-4695-8e3a-faaeac8cb432', 1557, 1825, 'cardiac', 'Routine', 5.457988076863372);
INSERT INTO incidents (id, call_time, district_id, ambulance_id, hospital_id, response_time_sec, transport_time_sec, incident_type, triage_level, distance_km) VALUES ('f0b8b63a-412f-49dd-afdc-d8426302c932', '2026-01-06T17:54:00', '0574e98c-8a1e-4442-b365-62b1e7f3dda3', '48d6c46f-e863-40f6-903e-eaef2f3c0f41', '40179430-ec02-4bc4-9934-2d82da184e64', 432, 1893, 'stroke', 'Routine', 13.749010035636468);
INSERT INTO incidents (id, call_time, district_id, ambulance_id, hospital_id, response_time_sec, transport_time_sec, incident_type, triage_level, distance_km) VALUES ('ac70a144-11bd-4e78-ab19-66dc02bd1b49', '2026-01-04T11:52:00', '0574e98c-8a1e-4442-b365-62b1e7f3dda3', '782aca3b-0b06-41a4-973f-c3c7fc602f81', '40179430-ec02-4bc4-9934-2d82da184e64', 1503, 827, 'cardiac', 'Routine', 14.403190851956698);
INSERT INTO incidents (id, call_time, district_id, ambulance_id, hospital_id, response_time_sec, transport_time_sec, incident_type, triage_level, distance_km) VALUES ('84361f68-e571-47a1-bb85-9d657c62c7e7', '2026-01-21T20:55:00', '0574e98c-8a1e-4442-b365-62b1e7f3dda3', 'a41dc3ca-cecd-464f-8a8d-edc3d061f341', '40179430-ec02-4bc4-9934-2d82da184e64', 549, 2336, 'cardiac', 'Non-Critical', 12.979181400180355);
INSERT INTO incidents (id, call_time, district_id, ambulance_id, hospital_id, response_time_sec, transport_time_sec, incident_type, triage_level, distance_km) VALUES ('4bf48a1f-34ad-4d7a-858d-f4de8c758ee2', '2026-01-11T20:55:00', '0574e98c-8a1e-4442-b365-62b1e7f3dda3', '47dc9fbd-a782-4106-ad1d-7e2ddbb387e2', '79a65316-978b-43a3-b16f-8b80b2c661be', 872, 1498, 'trauma', 'Routine', 11.418606454611945);
INSERT INTO incidents (id, call_time, district_id, ambulance_id, hospital_id, response_time_sec, transport_time_sec, incident_type, triage_level, distance_km) VALUES ('6d2c86d0-149d-424d-be37-4258666327ad', '2026-01-04T14:41:00', '0574e98c-8a1e-4442-b365-62b1e7f3dda3', 'e7f668f0-93cd-4a1b-8ccf-4d5250c6dc1b', '69888a6a-6860-4007-9ea5-5bf0620411c9', 871, 2371, 'accident', 'Routine', 7.123721735543964);
INSERT INTO incidents (id, call_time, district_id, ambulance_id, hospital_id, response_time_sec, transport_time_sec, incident_type, triage_level, distance_km) VALUES ('954fd25b-1fac-4506-9473-6f15420c988d', '2026-01-25T01:11:00', '0574e98c-8a1e-4442-b365-62b1e7f3dda3', 'a41dc3ca-cecd-464f-8a8d-edc3d061f341', '81b1803a-d578-4e9c-b28a-f17597c968c0', 1120, 1539, 'accident', 'Routine', 7.217529273523006);
INSERT INTO incidents (id, call_time, district_id, ambulance_id, hospital_id, response_time_sec, transport_time_sec, incident_type, triage_level, distance_km) VALUES ('84a03e35-53e1-48f9-a3d6-14a3845bb532', '2026-01-01T03:12:00', '0574e98c-8a1e-4442-b365-62b1e7f3dda3', '9657bc00-e1bc-4ecf-95bf-e15ebf381288', 'b80f5a96-8b9b-4695-8e3a-faaeac8cb432', 366, 2214, 'cardiac', 'Non-Critical', 13.69107941419014);
INSERT INTO incidents (id, call_time, district_id, ambulance_id, hospital_id, response_time_sec, transport_time_sec, incident_type, triage_level, distance_km) VALUES ('3d1e951d-587e-4ab6-b708-2bc86d354798', '2026-01-11T17:13:00', '0574e98c-8a1e-4442-b365-62b1e7f3dda3', '76e796e7-699a-43ea-be63-9b31c70b8eef', 'b80f5a96-8b9b-4695-8e3a-faaeac8cb432', 753, 1628, 'pregnancy', 'Critical', 2.230683534433543);
INSERT INTO incidents (id, call_time, district_id, ambulance_id, hospital_id, response_time_sec, transport_time_sec, incident_type, triage_level, distance_km) VALUES ('8641860e-e5e0-4385-b0b7-bb8e8cd1d491', '2026-01-24T07:15:00', '0574e98c-8a1e-4442-b365-62b1e7f3dda3', '9657bc00-e1bc-4ecf-95bf-e15ebf381288', '40179430-ec02-4bc4-9934-2d82da184e64', 1355, 1876, 'accident', 'Routine', 5.436145255027274);
INSERT INTO incidents (id, call_time, district_id, ambulance_id, hospital_id, response_time_sec, transport_time_sec, incident_type, triage_level, distance_km) VALUES ('5e88f7fe-bc38-47ce-a16e-6f011c4af2e0', '2026-01-12T23:08:00', '0574e98c-8a1e-4442-b365-62b1e7f3dda3', '9657bc00-e1bc-4ecf-95bf-e15ebf381288', '79a65316-978b-43a3-b16f-8b80b2c661be', 1664, 934, 'cardiac', 'Routine', 5.772357717624064);
INSERT INTO incidents (id, call_time, district_id, ambulance_id, hospital_id, response_time_sec, transport_time_sec, incident_type, triage_level, distance_km) VALUES ('fb2f84ca-5120-4935-b94e-47a5ac45a32e', '2026-01-05T10:45:00', '0574e98c-8a1e-4442-b365-62b1e7f3dda3', 'e6cf3e3a-db01-484f-a4df-2c1294ec0244', '40179430-ec02-4bc4-9934-2d82da184e64', 1301, 2282, 'trauma', 'Critical', 14.247843404674684);
INSERT INTO incidents (id, call_time, district_id, ambulance_id, hospital_id, response_time_sec, transport_time_sec, incident_type, triage_level, distance_km) VALUES ('bfba0a22-9832-44bd-8dae-73942b2c026f', '2026-01-25T10:30:00', '0574e98c-8a1e-4442-b365-62b1e7f3dda3', 'e7f668f0-93cd-4a1b-8ccf-4d5250c6dc1b', '81b1803a-d578-4e9c-b28a-f17597c968c0', 882, 2155, 'trauma', 'Non-Critical', 7.727502432886697);
INSERT INTO incidents (id, call_time, district_id, ambulance_id, hospital_id, response_time_sec, transport_time_sec, incident_type, triage_level, distance_km) VALUES ('0980a6bb-b5ea-4600-bed8-be158bb57d1a', '2026-01-07T05:32:00', '0574e98c-8a1e-4442-b365-62b1e7f3dda3', '48d6c46f-e863-40f6-903e-eaef2f3c0f41', '81b1803a-d578-4e9c-b28a-f17597c968c0', 600, 2030, 'pregnancy', 'Routine', 13.57086422786744);
INSERT INTO incidents (id, call_time, district_id, ambulance_id, hospital_id, response_time_sec, transport_time_sec, incident_type, triage_level, distance_km) VALUES ('a3ad7d74-0540-4fbf-8aba-595ff04fd093', '2026-01-05T05:21:00', '0574e98c-8a1e-4442-b365-62b1e7f3dda3', '76e796e7-699a-43ea-be63-9b31c70b8eef', '81b1803a-d578-4e9c-b28a-f17597c968c0', 1103, 1958, 'pregnancy', 'Non-Critical', 4.003135925375637);
INSERT INTO incidents (id, call_time, district_id, ambulance_id, hospital_id, response_time_sec, transport_time_sec, incident_type, triage_level, distance_km) VALUES ('e596d228-0e0b-45fe-8dfa-9e0f8fbaab6c', '2026-01-11T18:57:00', '0574e98c-8a1e-4442-b365-62b1e7f3dda3', 'e7f668f0-93cd-4a1b-8ccf-4d5250c6dc1b', '69888a6a-6860-4007-9ea5-5bf0620411c9', 1786, 1341, 'pregnancy', 'Non-Critical', 12.860884216690971);
INSERT INTO incidents (id, call_time, district_id, ambulance_id, hospital_id, response_time_sec, transport_time_sec, incident_type, triage_level, distance_km) VALUES ('46108fad-226b-456e-b3fd-47b269fd989d', '2026-01-14T17:01:00', '0574e98c-8a1e-4442-b365-62b1e7f3dda3', '9657bc00-e1bc-4ecf-95bf-e15ebf381288', '40179430-ec02-4bc4-9934-2d82da184e64', 809, 2210, 'trauma', 'Routine', 4.810004799332268);
INSERT INTO incidents (id, call_time, district_id, ambulance_id, hospital_id, response_time_sec, transport_time_sec, incident_type, triage_level, distance_km) VALUES ('d84c0a0d-4e1b-4852-9c92-0f2fef8a16ae', '2026-01-26T17:23:00', '0574e98c-8a1e-4442-b365-62b1e7f3dda3', '336cc71a-321d-4a51-a216-8b347a815486', '69888a6a-6860-4007-9ea5-5bf0620411c9', 1636, 1069, 'stroke', 'Routine', 7.339803003525059);
INSERT INTO incidents (id, call_time, district_id, ambulance_id, hospital_id, response_time_sec, transport_time_sec, incident_type, triage_level, distance_km) VALUES ('097614e9-1b76-4fed-a097-4c570509f159', '2026-01-12T09:59:00', '0574e98c-8a1e-4442-b365-62b1e7f3dda3', '48d6c46f-e863-40f6-903e-eaef2f3c0f41', '79a65316-978b-43a3-b16f-8b80b2c661be', 805, 1786, 'pregnancy', 'Non-Critical', 2.79646369941711);
INSERT INTO incidents (id, call_time, district_id, ambulance_id, hospital_id, response_time_sec, transport_time_sec, incident_type, triage_level, distance_km) VALUES ('e8f7712c-a78f-4e82-a6e0-1725acf058aa', '2026-01-21T05:19:00', '0574e98c-8a1e-4442-b365-62b1e7f3dda3', 'e7f668f0-93cd-4a1b-8ccf-4d5250c6dc1b', 'b80f5a96-8b9b-4695-8e3a-faaeac8cb432', 1292, 1716, 'trauma', 'Non-Critical', 3.492143557935719);
INSERT INTO incidents (id, call_time, district_id, ambulance_id, hospital_id, response_time_sec, transport_time_sec, incident_type, triage_level, distance_km) VALUES ('c2444e1d-7c48-44f9-bc19-dba580a3bfd0', '2026-01-14T02:45:00', '0574e98c-8a1e-4442-b365-62b1e7f3dda3', '76e796e7-699a-43ea-be63-9b31c70b8eef', '40179430-ec02-4bc4-9934-2d82da184e64', 823, 1260, 'trauma', 'Routine', 12.122081205472876);
INSERT INTO incidents (id, call_time, district_id, ambulance_id, hospital_id, response_time_sec, transport_time_sec, incident_type, triage_level, distance_km) VALUES ('b776105c-bead-492c-be7a-5593de924fe4', '2026-01-22T06:20:00', '0574e98c-8a1e-4442-b365-62b1e7f3dda3', '47dc9fbd-a782-4106-ad1d-7e2ddbb387e2', '69888a6a-6860-4007-9ea5-5bf0620411c9', 1349, 1522, 'pregnancy', 'Routine', 6.005011186627572);
INSERT INTO incidents (id, call_time, district_id, ambulance_id, hospital_id, response_time_sec, transport_time_sec, incident_type, triage_level, distance_km) VALUES ('23638ad8-2876-4c5a-add0-d25b73b4baa6', '2026-01-22T08:08:00', '0574e98c-8a1e-4442-b365-62b1e7f3dda3', '76e796e7-699a-43ea-be63-9b31c70b8eef', '81b1803a-d578-4e9c-b28a-f17597c968c0', 504, 930, 'stroke', 'Routine', 3.5899599366583748);
INSERT INTO incidents (id, call_time, district_id, ambulance_id, hospital_id, response_time_sec, transport_time_sec, incident_type, triage_level, distance_km) VALUES ('193ac291-19ac-42f7-8030-e77dd8c44c44', '2026-01-12T13:09:00', '0574e98c-8a1e-4442-b365-62b1e7f3dda3', '76e796e7-699a-43ea-be63-9b31c70b8eef', '40179430-ec02-4bc4-9934-2d82da184e64', 1505, 2141, 'accident', 'Routine', 4.169205463468169);
INSERT INTO incidents (id, call_time, district_id, ambulance_id, hospital_id, response_time_sec, transport_time_sec, incident_type, triage_level, distance_km) VALUES ('603971df-d198-43b4-916b-87de71a0c683', '2026-01-05T19:13:00', '0574e98c-8a1e-4442-b365-62b1e7f3dda3', '76e796e7-699a-43ea-be63-9b31c70b8eef', 'b80f5a96-8b9b-4695-8e3a-faaeac8cb432', 1310, 1649, 'cardiac', 'Routine', 13.914335563504963);
INSERT INTO incidents (id, call_time, district_id, ambulance_id, hospital_id, response_time_sec, transport_time_sec, incident_type, triage_level, distance_km) VALUES ('e365f04e-3cc5-4e3c-8a72-39ea12703b93', '2026-01-12T18:08:00', '0574e98c-8a1e-4442-b365-62b1e7f3dda3', 'e6cf3e3a-db01-484f-a4df-2c1294ec0244', '40179430-ec02-4bc4-9934-2d82da184e64', 707, 2269, 'cardiac', 'Non-Critical', 4.259970430762399);
INSERT INTO incidents (id, call_time, district_id, ambulance_id, hospital_id, response_time_sec, transport_time_sec, incident_type, triage_level, distance_km) VALUES ('2df331a1-6d48-4d89-94bd-4fd6ef2d41ee', '2026-01-21T08:23:00', '0574e98c-8a1e-4442-b365-62b1e7f3dda3', 'e6cf3e3a-db01-484f-a4df-2c1294ec0244', '81b1803a-d578-4e9c-b28a-f17597c968c0', 1446, 1199, 'accident', 'Critical', 6.485980620734642);
INSERT INTO incidents (id, call_time, district_id, ambulance_id, hospital_id, response_time_sec, transport_time_sec, incident_type, triage_level, distance_km) VALUES ('724b144f-fbd4-4e20-80c7-86ca37005a97', '2026-01-26T02:39:00', '0574e98c-8a1e-4442-b365-62b1e7f3dda3', '47dc9fbd-a782-4106-ad1d-7e2ddbb387e2', 'b80f5a96-8b9b-4695-8e3a-faaeac8cb432', 325, 663, 'pregnancy', 'Routine', 4.241457749195572);
INSERT INTO incidents (id, call_time, district_id, ambulance_id, hospital_id, response_time_sec, transport_time_sec, incident_type, triage_level, distance_km) VALUES ('8b446955-c73a-404b-9803-c6630eb221cf', '2026-01-11T18:23:00', '0574e98c-8a1e-4442-b365-62b1e7f3dda3', 'e6cf3e3a-db01-484f-a4df-2c1294ec0244', '81b1803a-d578-4e9c-b28a-f17597c968c0', 621, 2076, 'accident', 'Non-Critical', 13.42428357732526);
INSERT INTO incidents (id, call_time, district_id, ambulance_id, hospital_id, response_time_sec, transport_time_sec, incident_type, triage_level, distance_km) VALUES ('5b96ee32-ed32-4348-a616-1036f3009c2a', '2026-01-29T17:17:00', '0574e98c-8a1e-4442-b365-62b1e7f3dda3', '782aca3b-0b06-41a4-973f-c3c7fc602f81', '69888a6a-6860-4007-9ea5-5bf0620411c9', 448, 1514, 'pregnancy', 'Critical', 7.976601730218824);
INSERT INTO incidents (id, call_time, district_id, ambulance_id, hospital_id, response_time_sec, transport_time_sec, incident_type, triage_level, distance_km) VALUES ('06257815-8676-49f4-ba6c-9f735fcf6265', '2026-01-12T12:44:00', '0574e98c-8a1e-4442-b365-62b1e7f3dda3', '336cc71a-321d-4a51-a216-8b347a815486', 'b80f5a96-8b9b-4695-8e3a-faaeac8cb432', 720, 1180, 'accident', 'Routine', 4.977007159859562);
INSERT INTO incidents (id, call_time, district_id, ambulance_id, hospital_id, response_time_sec, transport_time_sec, incident_type, triage_level, distance_km) VALUES ('0208b041-727c-4976-84ac-fdc4dda2005d', '2026-01-15T09:46:00', '0574e98c-8a1e-4442-b365-62b1e7f3dda3', '9657bc00-e1bc-4ecf-95bf-e15ebf381288', '81b1803a-d578-4e9c-b28a-f17597c968c0', 1014, 655, 'stroke', 'Critical', 3.48834694357375);
INSERT INTO incidents (id, call_time, district_id, ambulance_id, hospital_id, response_time_sec, transport_time_sec, incident_type, triage_level, distance_km) VALUES ('262036b1-31ad-43ec-aa6a-7dc1eb419d22', '2026-01-19T22:23:00', '0574e98c-8a1e-4442-b365-62b1e7f3dda3', 'e7f668f0-93cd-4a1b-8ccf-4d5250c6dc1b', '40179430-ec02-4bc4-9934-2d82da184e64', 1444, 1894, 'trauma', 'Routine', 10.414764307232128);
INSERT INTO incidents (id, call_time, district_id, ambulance_id, hospital_id, response_time_sec, transport_time_sec, incident_type, triage_level, distance_km) VALUES ('b486a5b4-0777-4041-bbeb-c353fd4f37c0', '2026-01-10T02:14:00', '0574e98c-8a1e-4442-b365-62b1e7f3dda3', '336cc71a-321d-4a51-a216-8b347a815486', '69888a6a-6860-4007-9ea5-5bf0620411c9', 919, 1759, 'pregnancy', 'Non-Critical', 13.234081467535066);